Symbol,Chinese Name,ShortName,Name,Summary Quote
600000,浦发银行,SPD BANK,SHANGHAI PUDONG DEVELOPMENT BANK CO.  LTD.,http://www.spdb.com.cn
600004,白云机场,baiyunairport,Guangzhou Baiyun International Airport Co. ltd.,www.gbiac.net
600005,武钢股份,WISCO Ltd,Wuhan Iron and Steel Company Limited.,HTTP://www.wisco.com.cn/
600006,东风汽车,DFAC,Dongfeng  Automobile  Co. LTD,http://www.dfac.com
600007,中国国贸,CWTC Co. Ltd.,China World Trade Center Company Ltd.,http://www.cwtc.com
600008,首创股份,BEIJING CAPITAL,BEIJING CAPITAL CO. LTD,http://www.capitalwater.cn
600009,上海机场,SIA,Shanghai International Airport Co.  Ltd.,www.shairport.com
600010,包钢股份,BSU,Inner Mongolia BaoTou Steel Union Co. Ltd.,-
600011,华能国际,HPI,Huaneng Power International  INC.,www.hpi.com.cn
600012,皖通高速,Anhui Expressway,Anhui Expressway Company Limited,www.anhui-expressway.net
600015,华夏银行,HUAXIA BANK,HUA XIA BANK CO.  Limited,http://www.hxb.com.cn；http://www.95577.com.cn
600016,民生银行,CMBC,CHINA MINSHENG BANK,www.cmbc.com.cn
600017,日照港,RIZHAO PORT,RIZHAO PORT CO. LTD.,http://www.rzpcl.com/
600018,上港集团,SIPG,Shanghai International Port (Group) Co.  Ltd,http://www.portshanghai.com.cn/
600019,宝钢股份,Baosteel,Baoshan Iron & Steel Co.  Ltd.,http://bg.baosteel.com
600020,中原高速,Zhongyuan Expressway,Henan Zhongyuan Expressway Company Limited,http://www.zygs.com
600021,上海电力,SEP,SHANGHAI ELECTRIC POWER COMPANY LIMITED,www.shanghaipower.com
600022,山东钢铁,SHANDONG STEEL,SHANDONG IRON AND STEEL COMPANY LTD,www.jigang.com.cn
600023,浙能电力,Zhejiang Energy Electric Power,Zhejiang Zheneng Electric Power Co. Ltd,http://www.zzepc.com.cn
600026,中海发展,CSDC,CHINA SHIPPING DEVELOPMENT COMPANY LIMITED,www.cnshippingdev.com
600027,华电国际,HDPI,Huadian Power International Corporation Limited,http:\\www.hdpi.com.cn
600028,中国石化,Sinopec Corp.,China Petroleum and Chemical Corporation,http://www.sinopec.com
600029,南方航空,CHINA SOUTH AIR,China Southern Airlines Company Limited,www.csair.com
600030,中信证券,CITIC Securities Co.  Ltd.,CITIC Securities Company Limited,cs.ecitic.com
600031,三一重工,SANY,SANY HEAVY INDUSTRY CO. LTD,www.sanyhi.com
600033,福建高速,Fujian Expressway,Fujian Expressway Development Company Limited,www.fjgs.com.cn
600035,楚天高速,ChuTian Expwy,HUBEI CHUTIAN EXPRESSWAY CO. LTD.,www.hbctgs.com
600036,招商银行,CMB,China Merchants Bank Co. Limited,www.cmbchina.com
600037,歌华有线,BGCTV,Beijing Gehua CATV Network Co.  LTD.,http://www.bgctv.com.cn
600038,中直股份,-, AVICOPTER PLC,www.hafei.com
600039,四川路桥,SRBC,SICHUAN ROAD & BRIDGE CO. LTD,www.scrbc.com.cn
600048,保利地产,PRE,POLY REAL ESTATE GROUP CO. LTD,www.gzpoly.com;www.polycn.com
600050,中国联通,China Unicom,CHINA UNITED NETWORK COMMUNICATIONS  LIMITED,www.chinaunicom-a.com
600051,宁波联合,NUG,NINGBO UNITED GROUP CO. LTD.,http://www.nug.com.cn
600052,浙江广厦,ZJGS,Zhejiang Guangsha Co. Ltd.,HTTP://www.gsgf.com
600053,九鼎投资,ZJRE,Kunwu Jiuding Investment Holdings CO.  Ltd,-
600054,黄山旅游,HSTD,Huangshan Tourism Development Co. Ltd.,HTTP://WWW.huangshan.com.cn
600055,华润万东,CR Wandong,China Resources Wandong Medical Equipment Co.  Ltd.,HTTP://WWW.wandong.com.cn
600056,中国医药,CHINA MEHECO,CHINA MEHECO CO.  LTD.,www.meheco.cn
600057,象屿股份,XIANGYU,XIAMEN XIANGYU CO.  LTD.,www.xiangyu.cn
600058,五矿发展,MINLIST,MINMETALS DEVELOPMENT CO.  LTD.,HTTP://www.minlist.com
600059,古越龙山,GYLS,ZheJiang GuYueLongShan ShaoXing Wine Co.LTD,HTTP://WWW.shaoxingwine.com.cn
600060,海信电器,HXDQ,HISENSE ELECTRIC CO. LTD.,http://www.hisense.com
600061,国投安信,SDIC Essence,SDIC Essence (Holdings)Co. Ltd,www.sdicessence.com.cn
600062,华润双鹤,CR Double-Crane,CHINA RESOURCES DOUBLE－CRANE PHARMACEUTICAL CO. LTD.,www.dcpc.com.cn
600063,皖维高新,wwgx,ANHUI WANWEI UPDATED HIGH-TECH MATERIAL INDUSTRY COMPANY LIMITED,http://www.wwgf.com.cn
600064,南京高科,NJGK,NANJING GAOKE COMPANY LIMITED,www.600064.com
600066,宇通客车,YTCO,Zhengzhou Yutong Bus Co. Ltd.,http://www.yutong.com
600067,冠城大通,CITYCHAMP DT ,CITYCHAMP DARTONG CO. LTD.,HTTP://WWW.gcdt.net
600068,葛洲坝,ＣＧＧＣ,China Gezhouba Group Company Limited,http://www.cggc.cn
600069,*ST银鸽,Yinge,Henan Yinge Industrial Investment  Co. Ltd.,http://www.yinge.com.cn
600070,浙江富润,FURUN,Zhejiang FuRun Co. LTD,HTTP://www.zj-furun.cn
600071,*ST光学,phenix optical,phenix optical company limited,http：//www.phenixoptics.com.cn
600072,钢构工程,CSSC-SSE,CSSC Steel Structure Engineering Co.  Ltd.,http://www.jnhi.com
600073,上海梅林,SMAC,SHANGHAI MALING AQUARIUS CO.LTD,www.shanghaimaling.com
600074,保千里,-,JIANGSU PROTRULY VISION TECHNOLOGY GROUP CO. LTD.,http://www.protruly.com.cn/
600075,新疆天业,XJTY,XINJIANG TIANYE CO. LTD.,HTTP://WWW.xj-tianye.com
600076,青鸟华光,JBHG,WEIFANG BEIDA JADEBIRD HUAGUANG TECHNOLOGY CO. LTD,HTTP://WWW.hbkangxin.com.cn
600077,宋都股份,Sundy Corporation,Sundy Land Investment Co. Ltd.,http://www.songdu.com
600078,澄星股份,CXPC,Jiangsu Chengxing Phosph-Chemical Co. Ltd,-
600079,人福医药,HWHG,Humanwell Healthcare (Group) Co. Ltd.,http://www.humanwell.com.cn
600080,金花股份,GINWA,GINWA ENTERPRISE(GRPUP) INC.,HTTP://WWW.ginwa.com.cn
600081,东风科技,DETC,DONG FENG ELECTRONIC TECHNOLOGY CO. LITD.,HTTP://WWW.DETC.COM.CN
600082,海泰发展,HiTech Develop,Tianjin Hi-Tech Development Co.  Ltd.,www.hitech-develop.com
600083,博信股份,BOOK DIGITAL,GUANGDONG BOXIN INVESTING & HOLDINGS CO .LTD,www.600083.com
600084,中葡股份,CITIC Wine,CITIC GUOAN Wine CO. LTD,http://www.guoanwine.com
600085,同仁堂,TRT,Beijing TongRenTang Co. Ltd,http://www.tongrentanggf.com
600086,东方金钰,EASTERN GOLD JADE,EASTERN GOLD JADE  COMPANY LIMITED,http://www.goldjade.cn
600088,中视传媒,CTV Media,China Television Media Ltd.,www.ctv-media.com.cn
600089,特变电工,TBEA,TBEA CO. LTD.,http://www.tbea.com.cn
600090,啤酒花,xjhops,xin jiang hops co. ltd,www.xjhops.com
600091,*ST明科,BTTT,BAOTOU TOMORROW TECHNOLOGY CO. LTD,http://www.tomotech.com
600093,禾嘉股份,HEJIA CO.,SICHUAN HEJIA CO.LTD.,http://www.hejia.com
600094,大名城,GREATTOWN,GREATTOWN HOLDINGS LTD.,http://www.greattown.cn
600095,哈高科,hhtg,HARBIN HIGH-TECH(GROUP)C0. LTD.,www.hgk-group.com
600096,云天化,YYTH,YUNNAN YUNTIANHUA CO. LTD,HTTP://www.yyth.com.cn
600097,开创国际,kcgj,SHANGHAI KAICHUANG MARINE INTERNATIONAL CO. LTD.,http://www.skmic.sh.cn/
600098,广州发展,GDG,Guangzhou Development Group Incorporated,http://www.gdih.cn
600099,林海股份,LH,LINHAI CO. LTD.,WWW.LINHAIGROUP.COM
600100,同方股份,THTF,TSINGHUA TONGFANG CO.  LTD,http://www.thtf.com.cn
600101,明星电力,MXEP,SICHUAN MINGXING ELECTRIC POWER CO. LTD,http://www.mxdl.com.cn
600103,青山纸业,qszy,Fujian Qingshan Paper Industry Co. Ltd.,http://www.qingshanpaper.com
600104,上汽集团,SAIC Motor,SAIC Motor Corporation Limited,HTTP://www.saicmotor.com
600105,永鼎股份,ETERN,JIANGSU ETERN CO.  LTD.,www.yongding.com.cn
600106,重庆路桥,R&B,CHONGQING ROAD & BRIDGE CO. LTD,http://www.cqrb.com.cn
600107,美尔雅,mailyard,HUBEI  MAILYARD  SHARE  CO.  LTD,http://www.mailyard.com.cn
600108,亚盛集团, YASHENG GROUP,GANSU YASHENG INDUSTRIAL（GROUP）CO. LTD,http://www.yasheng.com.cn
600109,国金证券,SINOLINK SECURITIES,SINOLINK SECURITIES CO.  LTD.,www.gjzq.com.cn
600110,中科英华,CHINA－KINWA,CHINA?KINWA HIGH TECHNOLOGY CO.  LTD,www.kinwa.com.cn
600111,北方稀土,CNRE,China Northern Rare Earth (Group) High-Tech Co. Ltd,http://www.reht.com
600112,天成控股,TCKG,GUIZHOU CHANGZHENG TIANCHENG HOLDING CO. LTD.,http://www.tckg.cn
600113,浙江东日,ZJDR,ZHE JIANG DONG RI CO.  LTD,http://www.dongri.com
600114,东睦股份,NBTM,NBTM NEW MATERIALS GROUP Co.  Ltd.,www.pm-china.com
600115,东方航空,CEA,China Eastern Airlines Corporation Limited,http://www.ceair.com
600116,三峡水利,TGWC,Chongqing Three Gorges Water Conservancy And Electric Power Co. Ltd.,http://www.cqsxsl.com.cn
600117,西宁特钢,XSS,XINING SPECIAL STEEL CO. LTD,http://www.xntg.com
600118,中国卫星,China Spacesat,China Spacesat Co. Ltd.,WWW.SPACESAT.COM.CN
600119,长江投资,Y.I.C.,Y.U.D Yangtze River Investment Industry Co. Ltd.,www.cjtz.cn
600120,浙江东方,ZJOHCO,ZHEJIANG ORIENT HOLDINGS CO. LTD.,www.zjorient.com
600121,郑州煤电,ZCE,ZHENGZHOU COAL INDUSTRY & ELECTRIC POWER CO. LTD.,HTTP://www.zzce.com.cn
600122,宏图高科,Hiteker,JIANGSU HONGTU HIGH TECHNOLOGY CO. LTD.,http://www.hiteker.cn
600123,兰花科创,Shanxi lanhua,Shanxi Lanhua Sci-tech Venture Co. Ltd,HTTP://www.chinalanhua.com
600125,铁龙物流,CRT,CHINA RAILWAY TIELONG CONTAINER LOGISTICS CO.  LTD,www.chinacrt.com
600126,杭钢股份,HZIS,HangZhou Iron And Steel Co. Ltd.,www.hzsteel.com
600127,金健米业, JINJIAN CEREALS INDUSTRY , JINJIAN CEREALS INDUSTRY CO. LTD.,http://www.600127.cn
600128,弘业股份,JIANGSU HOLLY,JIANGSU HOLLY CORPORATION,http://www.artall.com.cn
600129,太极集团,TAIJI GROUP,CHONGQING TAIJI INDUSTRY(GROUP) CO. LTD,http://www.taiji.com
600130,波导股份,BIRD ,NINGBO BIRD Co. Ltd.,HTTP://WWW.chinabird.com
600131,岷江水电,SMHC,Sichuan MinJiang Hydropower co. Ltd.,www.mjsdgs.com
600132,重庆啤酒,CBC,CHONG QING BREWERY CO.LTD,www.chongqingbeer.com
600133,东湖高新,ELHT,WUHAN EAST LAKE HIGH TECHNOLOGY GROUPE CO. LTD.,www.elht.com
600135,乐凯胶片,LUCKY FILM CO. LTD,LUCKY FILM COMPANY LIMITED,HTTP://GUFEN.LUCKYFILM.COM.CN
600136,道博股份,DOUBLE,WUHAN DOUBLE CO. LTD,http//www.china-double.com
600137,浪莎股份,langshagufen,Sichuan Langsha　holding　CO.LTD,www.langshastock.com
600138,中青旅,CYTS,CHINA CYTS TOURS HOLDING CO. LTD.,www.aoyou.com
600139,西部资源,Western Resources,Sichuan Western Resources Holding Co.  Ltd,http://www.scxbzy.com
600141,兴发集团,Xingfa group,HUBEI XINGFA CHEMICALS GROUP CO. LTD.,HTTP://www.xingfagroup.com
600143,金发科技,KINGFA,KINGFA SCI.&TECH. CO. LTD.,www.kingfa.com.cn
600145,*ST新亿,Yilu Wanyuan,Xinjiang Yilu Wanyuan Industrial Investment Holding Co.  Ltd.,http://www.swell.com.cn
600146,商赢环球,DYGF,Shangying Global Co. Ltd.,www.600146.net
600148,长春一东,CCYD,Changchun Yidong Clutch CO.LTD.,www.ccyd.com.cn
600149,廊坊发展,LFD,Langfang Development Co.  Ltd.,-
600150,中国船舶,CSSC Holdings,China CSSC Holdings Limited,HTTP://www.csscholdings.com
600151,航天机电,HT-SAAE,SHANGHAI AEROSPACE AUTOMOBILE ELECTROMECHANICAL CO. LTD,HTTP://WWW.ht-saae.com
600152,维科精华,VEKEN ELITE,NINGBO VEKEN ELITE GROUP CO. LTD.,HTTP://WWW.veken.com
600153,建发股份,C&D INC.,XIAMEN C&D INC.,HTTP://WWW.chinacnd.com
600155,宝硕股份,HBC,HEBEI BAOSHUO CO. LTD.,http://www.baoshuogufen.cn/
600156,华升股份,HNHS,Hunan Huasheng  Co. Ltd,-
600157,永泰能源,WTECL,WINTIME ENERGY CO. LTD.,http://www.wtecl.com
600158,中体产业,CSI,CHINA SPORTS INDUSTRY GROUP CO. LTD.,http://www.csig158.com
600159,大龙地产,D.L.real estate,BEIJING  DALONG  WEIYE REAL ESTATE DEVELOPMENT  CO. LTD,www.dldc.com.cn
600160,巨化股份,ZJJH,ZHEJIANG JUHUA CO. LTD.,http://www.jhgf.com.cn
600161,天坛生物,BTBP,Beijing Tiantan Biological Products Corporation Limited,http://www.tiantanbio.com
600162,香江控股,HKHC,Shenzhen Heungkong Holding Co.  Ltd,http://www.hkhc.com.cn
600163,*ST闽能,ZMNY,ZHONGMIN  ENERGY  CO.   LTD.,-
600165,新日恒力,nswrc,Ningxia Xinri Hengli Steel Wire Rope Co.  Ltd,www.nxhengli.com.cn
600166,福田汽车,FOTON,BEIQI FOTON MOTOR CO. LTD.,HTTP://WWW.foton.com.cn
600167,联美控股,LMH,Luenmei Holding Co. Ltd,-
600168,武汉控股,WHKG,WUHAN SANZHEN INDUSTRY HOLDING CO. LTD,HTTP://WWW.600168.com.cn
600169,太原重工,TYHI,TAIYUAN HEAVY INDUSTRY CO. LTD.,Http://www.tyhi.com.cn
600170,上海建工,SCG,SHANGHAI CONSTRUCTION GROUP CO.  LTD,www.scg.com.cn
600171,上海贝岭,BELLING,SHANGHAI BELLING CO. LTD.,www.belling.com.cn
600172,黄河旋风,HHWW,HENAN HUANGHE WHIRLWIND CO. LTD.,HTTP://WWW.HHXF.COM
600173,卧龙地产,WOLONG REAL ESTATE,WOLONG REAL ESTATE GROUP CO. LTD.,www.wolong-Re.com
600175,美都能源,MeiDu Energy,MeiDu Energy Corporation,http://www.chinameidu.com
600176,中国巨石,CJS,China Jushi Co. Ltd.,www.cfgcl.com.cn
600177,雅戈尔,Youngor,Youngor Group Co. Ltd.,www.youngor.com.cn
600178,东安动力,DAAE,HARBIN DONGAN AUTO ENGINE CO. LTD.,www.daae.com.cn
600179,黑化股份,HH,HEILONGJIANG HEIHUA CO. LTD.,-
600180,瑞茂通,CCS,CCS Supply Chain Management Co.  Ltd.,HTTP：//www.ccsoln.com
600182,S佳通,GITI TIRE CORP,GITI TIRE CORPORATION,www.gititirecorp.com
600183,生益科技,Sytech,SHENGYI TECHNOLOGY CO.  LTD.,HTTP://www.syst.com.cn
600184,光电股份,NORTHEO,North Electro-Optic Co. Ltd.,www.sicong.com
600185,格力地产,GREE REAL ESTATE,GREE REAL ESTATE Co. Ltd,http://www.greedc.com/
600186,莲花味精,HLGP,HENAN  LOTUS  FLOWER  GOURMET  POWDER  CO. LTD,http//www.chinalotus.com.cn
600187,国中水务,ICW,HEILONGJIANG INTERCHINA WATER TREATMENT CO. LTD.,www.interchinawater.com
600188,兖州煤业,YANZHOUCOAL,YANZHOU COAL MINING COMPANY LIMITED,http://www.yanzhoucoal.com.cn
600189,吉林森工,JLSG,JILIN FOREST INDUSTRY CO. LTD.,www.forestindustry.com.cn
600190,锦州港,JZP,JINZHOU PORT CO. LTD.,HTTP://WWW.JINZHOUPORT.COM
600191,华资实业,HZSY,BAOTOU HUAZI INDUSTRY CO. LTD.,HTTP://WWW.huazi.com
600192,长城电工,GWE,LANZHOU GREATWALL ELECTRICAL CO. LTD.,www.chinagwe.com
600193,创兴资源,PROREAL RESOURCES,SHANGHAI PROSOLAR RESOURCE CO. LTD,www.600193.com
600195,中牧股份,CAHIC,China Animal Husbandry Industry Co. Ltd.,www.cahic.com
600196,复星医药,Fosun Pharma,Shanghai Fosun Pharmaceutical (Group) Co.  Ltd.,HTTP://www.fosunpharma.com
600197,伊力特,YLT,Xinjiang Yilite Industry Co. LTD,HTTP://WWW.xjyilite.com
600198,大唐电信,DATANG TELECOM,DATANG TELECOM TECHNOLOGY CO.  LTD.,http://www.datang.com
600199,金种子酒,AGSW,Anhui Golden Seed Winery Co. Ltd.,HTTP://WWW.jzz.cn
600200,江苏吴中,jswz,JiangSu WuZhong Industrial Co. Ltd.,HTTP://www.600200.com
600201,生物股份,JINYUGROUP,INNER MONGOLIA JINYU GROUP CO.LTD,HTTP://WWW.JINYU.COM.CN
600202,哈空调,HAC,Harbin Air Conditioning Co. Ltd.,http://www.hac.com.cn
600203,福日电子,FFEC,FUJIAN FURI ELECTRONICS CO. LTD.,http://www.furielec.com
600206,有研新材,GRIAM,GRINM Advanced Materials Co. Ltd.,http://www.griam.cn
600207,安彩高科,ACHT,HENAN ANCAI HI-TECH CO. LTD.,http://www.acht.com.cn
600208,新湖中宝,XINHU ZHONGBAO,XINHU ZHONGBAO CO. LTD,-
600209,罗顿发展,LAWTON DEVELOPMENT,LAWTON DEVELOPMENT CO. LTD.,http://www.lawtonfz.com.cn
600210,紫江企业,ZJQY,SHANGHAI ZIJIANG ENTERPRISE GROUP CO. LTD,HTTP://www.zijiangqy.com
600211,西藏药业,TIBET PHARMA,TIBET RHODIOLA PHARMACEUTICAL HOLDING CO.,http://www.xzyy.cn
600212,江泉实业,JQSY,SHAN DONG JIANG QUAN INDUSTRY CO. LTD.,HTTP://WWW.JIANGQUAN.COM.CN
600213,亚星客车,YABC,Yangzhou Asiastar Bus Co. Ltd.,http://www.asiastarbus.com
600215,长春经开,ccjk,Changchunjingkai (Group) co.  ltd.,www.ccjk600215.com
600216,浙江医药,ZMC,ZHEJIANG MEDICINE CO. LTD,HTTP://WWW.China-zmc.com
600217,*ST秦岭,QLCC,Shaanxi Qinling Cement(group) Co. ltd.,www.qinling.com
600218,全柴动力,QCEC,ANHUI QUANCHAI ENGINE CO. LTD.,http://www.quanchai.com.cn
600219,南山铝业,NANSHAN ALUMINIUM,SHANDONG NANSHAN ALUMINIUM CO.  LTD,HTTP://www.600219.com.cn
600220,江苏阳光,JSSS,JIANGSU SUNSHINE CO. LTD.,http:\\www.sunshine.com.cn
600221,海南航空,HNA,Hainan Airlines Company Limited,http://www.hnair.com
600222,太龙药业,TALOPH,HENAN TALOPH PHARMACEUTICAL STOCK CO. LTD,http://www.taloph.com
600223,鲁商置业,Lushangproperty,Lushang Property Co. Ltd.,http://www.lshzy.com.cn
600225,天津松江,TJ SONGJIANG,TIANJIN SONGJIANG Co. Ltd.,www.ciity.com.cn
600226,升华拜克,BIOK,ZHEJIANG  SHENGHUA  BIOK  BIOLOGY  CO. LTD.,HTTP://WWW.biok.com
600227,赤天化,CHTH,GUIZHOU CHITIANHUA CO. LTD.,http://www.chth.com.cn
600228,昌九生化,CJBC,JiangXi ChangJiu Biochemical Industry Co. Ltd.,-
600229,城市传媒,QCMC,Qingdao Citymedia Co . Ltd.,www.citymedia.cn
600230,沧州大化,CZDH,CANGZHOU DAHUA CO.LTD,www.czdh.chemchina.com
600231,凌钢股份,LING STEEL,Lingyuan Iron & Steel Co. Ltd.,HTTP://WWW.LGGF.COM.CN
600232,金鹰股份,GETM,Zhejiang Golden Eagle Co. Ltd.,www.cn-goldeneagle.com
600233,大杨创世,DAYANG TRANDS,DALIAN DAYANG TRANDS CO. LTD,HTTP://WWW.dayang.net &nbsp;/www.trands.com
600234,山水文化,GLCC,Guanghe landscape Culture Communication Co. Ltd  ShanXi,-
600235,民丰特纸,MFSP,MINFENG SPECIAL PAPER CO. LTD.,http://www.mingfenggroup.com
600236,桂冠电力,GGEP,GUANGXI GUIGUAN ELECTRIC POWER CO. LTD.,http://www.ggep.com.cn
600237,铜峰电子,TFE,ANHUI TONGFENG ELECTRONICS COMPANY LIMITED,http://www.tong-feng.com
600238,海南椰岛,HAINAN YEDAO,HAINAN YEDAO （GROUP）CO. LTD,www.yedao.com
600239,云南城投,YMRD,YunNan  Metropolitan Real Estate Development Co. LTD,http://www.ynctzy.com
600240,华业资本,BJHY,BEIJING HOMYEAR CAPITAL HOLDINGS CO. LTD,www.huayedc.com
600241,时代万恒,SDWH,LIAONING SHIDAI WANHENG CO. LTD.,www.shidaiwanheng.com
600242,*ST中昌,ZHONGCHANG MARINE,ZHONGCHANG MARINE COMPANY LIMITED,www.zchy.net.cn
600243,青海华鼎,QHHD,QingHai HuaDing Industrial C0. Ltd.,www.qhhdsy.com
600246,万通地产,BVRE,BEIJING VANTONE  REAL ESTATE CO. LTD.,www.vantone.com
600247,*ST成城,CHENGCHENGGROUP,JILIN CHENGCHENG GROUP CO. LTD,-
600248,延长化建,ychj,Shaanxi  yanchang  petroleum  chemical engineering  Co. Ltd.,www.ycpcec.com
600249,两面针,LMZ,LIUZHOU LIANGMIANZHEN Co.  Ltd.,www.lmz.com.cn
600250,南纺股份,NANTEX,NANJING TEXTILES IMP/EXP CORP. LTD.,http://www.nantex.com.cn
600251,冠农股份,GUANNONG SHARE,XINGJIANG GUANNONG FRUIT & ANTLER GROUP CO.  LTD.,http://www.gngf.cn
600252,中恒集团,Zhongheng Group,Guangxi Wuzhou Zhongheng Group CO. LTD.,http://www.wz-zhongheng.com
600255,鑫科材料,AXNMC,AHHUI XINKE NEW MATERIALS CO. LTD.,http://www.ahxinke.com
600256,广汇能源,GUANGHUI ENERGY,GUANGHUI ENERGY CO. LTD.,http://www.xjguanghui.com
600257,大湖股份,DHGF,DAHU AQUACULTURE CO. LTD.,http://www.dhszgf.com
600258,首旅酒店,BTG HOTELS,BTG HOTELS（GROUP）CO. LTD,www. btghotels. com
600259,广晟有色,RNM,Rising Nonferrous Metals Share Co.  Ltd.,www.gdnmi.com.cn
600260,凯乐科技,KAILE TECH,HUBEI KAILE SCIENCE AND TECHNOLOGY CO. LTD,http://www.cnkaile.com
600261,阳光照明,ZHEJIANG YANKON,ZHEJIANG YANKON GROUP CO. LTD.,www.yankon.com
600262,北方股份,NHL,Inner Mongolia North Hauler Joint Stock Co. Ltd.,http://www.chinanhl.com
600265,ST景谷,YJFC,YUNNAN JINGGU FORESTRY CO. LTD,www.jgly.cn
600266,北京城建,BUCID,BEIJING URBAN CONSTRUCTION INVESTMENT& DEVELOPMENT CO. LTD.,http://www.bucid.com
600267,海正药业,HISUN,ZHEJIANG HISUN PHARMACEUTICAL CO. LTD,http://www.hisunpharm.com
600268,国电南自,SAC,Guodian Nanjing Automation Co. LTD.,HTTP://WWW.sac-china.com
600269,赣粤高速, Ganyue Expressway ,Jiangxi Ganyue Expressway CO. LTD.,http://www.600269.cn
600270,外运发展,sinoair,Sinotrans Air Transportation Development Co. Ltd.,http://www.sinoair.com
600271,航天信息,Aisino Corporation,Aisino Corporation,http://www.aisino.com
600272,开开实业,SHKK,SHANGHAI KAI KAI INDUSTRIAL CO. LTD.,http://www.chinesekk.com
600273,嘉化能源,JHEC,Zhejiang Jiahua energy chemical industry Co. Ltd.,www.jhec.com.cn
600275,武昌鱼,wcy,Hubei Wuchangyu CO. LTD,HTTP://www.wuchangyu.com.cn
600276,恒瑞医药,HR,JIANGSU HENGRUI  MEDICINE CO. LTD.,http://www.hrs.com.cn
600277,亿利洁能,Elion, ELION ENERGY COMPANY LIMITED,http://www.elion.cn
600278,东方创业,OIE,Orient International Enterprise LTD.,HTTP://WWW.OIE.COM.CN
600279,重庆港九,CQGJ,CHONGQING GANGJIU CO. LTD.,HTTP://WWW.CQGJ.COM.CN
600280,中央商场,ZYSC,NANJING CENTRAL EMPORIUM STOCKS CO.  LTD.,www.600280.com
600281,太化股份,TCICL,TAIYUAN CHEMICAL INDUSTRY CO.LTD .,HTTP://WWW.THGF.cn
600282,南钢股份,Nisco,Nanjing Iron&Steel Co. Ltd.,www.600282.net
600283,钱江水利,QJSL,Qianjiang Water Resources Development Co. Ltd,HTTP://WWW.QJWATER.COM
600284,浦东建设,PD CONSTRUCTION,SHANGHAI PUDONG ROAD & BRIDGE CONSTRUCTION Co. LTD,www.pdjs.com.cn
600285,羚锐制药,Lingrui Pharma,Henan Lingrui Pharmaceutical Co.  Ltd,HTTP://www.lingrui.com
600287,江苏舜天,JIANGSU SAINTY,JIANGSU SAINTY CORP. LTD.,HTTP://www.saintycorp.com
600288,大恒科技,DHKJ,Daheng New Epoch Technology Inc.,http://www.dhxjy.com.cn
600289,亿阳信通,Boco,Bright Oceans Inter-Telecom Corporation,http://www.boco.com.cn
600290,华仪电气,HUAYI ELEC,HUAYI ELECTRIC COMPANY LIMITED,www.heag.com
600291,西水股份,XSSYIM,Xishui Strong year Co. Ltd Inner Mongloia,无
600292,中电远达,CPIYD,CPI YUANDA ENVIRONMENTAL?PROTECTION（GROP）CO.  LTD .,HTTP://WWW.jiulongep.com
600293,三峡新材,HBSXNBM,Hubei Sanxia New Building Materials Co.Ltd,-
600295,鄂尔多斯,Erdos,Inner Mongolia Eerduosi Resources Co. Ltd.,http://www.Chinaerdos.com
600297,广汇汽车,-,China Grand Automotive Services Co.  Ltd.,http://www.chinagrandauto.com/cn/
600298,安琪酵母,ANGEL,ANGEL YEAST CO. LTD,HTTP://WWW.ANGEL.COM.CN
600299,安迪苏,Bluestar NCM,BLUESTAR NEW CHEMICAL MATERIAL CO.  LTD,www.star-nm.com
600300,维维股份,VVFB,v v Food & Beverage Co. Ltd,www.vvgroup.com
600301,*ST南化,N N C I,Nanning Chemical Industry Co. Ltd.,HTTP://www.nnchem.com
600302,标准股份,TYPICAL,XI'AN TYPICAL INDUSTRIES CO.  LTD,HTTP://WWW.Chinatypical.com
600303,曙光股份,SG AUTOMOTIVE GROUP,LIAONING SG AUTOMOTIVE GROUP CO.  LTD.,http:// www.sgautomotive.com
600305,恒顺醋业,Hengshun Vinegar,JIANGSHU  HENGSHUN  VINEGAR  CO. LTD,HTTP://www.zjhengshun.com
600306,商业城,S.Y.C.C.,Shen Yang Commercial City Co. Ltd,HTTP://WWW.e-syc.com.cn
600307,酒钢宏兴,JSHX,GanSu Jiu Steel Group Hong Xing Iron & Steel Co Ltd,www.jiugang.com
600308,华泰股份,SDHT,SHANDONG HUATAI PAPER INDUSTRY SHAREHOLDING CO. LTD,www.huataipaper.com
600309,万华化学,wanhua,Wanhua Chemical Group Co. Ltd.,http://www.whchem.com
600310,桂东电力,GDEP,Guangxi Guidong Electric Power Co. LTD.,HTTP://WWW.gdep.com.cn
600311,ST荣华,GSRH,GANSU RONGHUA INDUSTRY GROUP CO. LTD.,www.ronghua.cc
600312,平高电气,HPEC,Henan Pinggao Electric Co. Ltd.,http://www.pinggao.com
600313,农发种业,NFSI,ZHONGNONGFA  SEED  INDUSTRY  GROUP  CO.  LTD.,www.znfzy.com
600315,上海家化,shanghai jahwa,SHANGHAI JAHWA UNITED CO.  LTD,HTTP://WWW.JAHWA.COM.CN
600316,洪都航空,HDAA,JIANGXI HONGDU AVIATION INDUSTRY CO.  LTD.,www.hongdu-aviation.com
600317,营口港,YKPLC,YINGKOU PORT LIABILITY CO. LTD.,www.ykplc.com
600318,巢东股份,CDGF,ANHUI CHAODONG CEMENT CO. LTD.,-
600319,亚星化学,YAXING CHEMICAL ,WEIFANG YAXING CHEMICAL CO. LTD.,HTTP://WWW.chinayaxing.com
600320,振华重工,ZPMC,SHANGHAI ZHENHUA HEAVY INDUSTRIES CO. LTD.,http://www.zpmc.com/
600321,国栋建设,GuoDong Construction ,SiChuan GuoDong Construction Co. Lt,HTTP://WWW.CHINAGUODONG.COM
600322,天房发展,TJRD,Tianjin Realty Development(Group) Co.  Ltd.,www.tffzgroup.cn
600323,瀚蓝环境,Grandblue ENV,Grandblue environment company limited ,http://www.grandblue.cn
600325,华发股份,Huafa Industrial share,Huafa Industrial Co. LTD.Zhuhai,www.cnhuafas.com
600326,西藏天路,TTC,TIBET TIANLU CO.  LTD.,http://www.xztianlu.com
600327,大东方,CMC,WUXI COMMERCIAL MANSION GRAND ORIENT CO. LTD,www.eastall.com
600328,兰太实业,LANTAI INDUSTRY ,INNER MONGOLIA LANTAI INDUSTRIAL CO. LTD,HTTP://WWW.lantaicn.com
600329,中新药业,TZXP,TIANJIN ZHONGXIN PHARMACEUTICAL GROUP CORPORATION LIMITED,http://www.zhongxinyaoye.com
600330,天通股份,TDG,TDG HOLDING CO. LTD.,www.tdgcore.com
600331,宏达股份,Hongda Co. Ltd,SICHUAN  HONGDA CO. LTD.,-
600332,白云山,GYBYS,Guangzhou Baiyunshan Pharmaceutical Holdings Company Limited,http://www.gybys.com.cn
600333,长春燃气,CCRQ,Changchun Gas Co. Ltd,www.ccrq.com.cn
600335,国机汽车,Sinomach Auto,Sinomach Automobile Co.  Ltd.,http://www.sinomach-auto.com/
600336,澳柯玛,AUCMA,AUCMA COMPANY LIMITED,HTTP://WWW.AUCMA.COM.CN
600337,美克家居,MIHF,Markor International Home Furnishings Co.  Ltd.,http://www.markorfurniture. com
600338,西藏珠峰,TIBET SUMMIT,TIBET SUMMIT INDUSTRY CO. LTD.,http://www.zfmotor.com
600339,天利高新,TLGX,XINJIANG DUSHANZI TIANLI HIGH&NEWTECH CO. LTD P.R.C.,www.tlhnt.com;600339.com
600340,华夏幸福,CFLD,CHINA FORTUNE LAND DEVELOPMENT CO. LTD.,www.cfldcn.com
600343,航天动力,AEROSPACE POWER,SHAANXI AEROSPACE POWER HI-TECH CO. LTD,http://www.china-htdl.com
600345,长江通信,YCIG,Wuhan Yangtze Communication Industry Group Co. Ltd,http://www.ycig.com
600346,大橡塑,DXS,DALIAN RUBBER & PLASTICS MACHINERY Co. Ltd,www.dlrpm.com
600348,阳泉煤业,YQMY,YANG QUAN COAL INDUSTRY （GROUP） CO.  LTD.,www.yqmy.cc
600350,山东高速,SDHS,Shandong Hi-speed Company Limited,www.sdecl.com.cn
600351,亚宝药业,YABAO PHAR,YABAO PHARMACEUTICAL GROUP CO.  LTD.,http://www.yabao.com.cn
600352,浙江龙盛,Zhejiang Longsheng,Zhejiang Longsheng Group Co. ltd,http://www.longsheng.com
600353,旭光股份,CDXG,CHENGDU XUGUANG ELECTRONICS CO .LTD,http://www.xuguang.com
600354,敦煌种业,Dunhuang Seed ,Gansu Dunhuang Seed Co. Ltd.,http://www.dhseed.com
600355,精伦电子,Routon,Routon Electronic Co.  Ltd.,http://www.routon.com
600356,恒丰纸业,HENGFENG PAPER,MUDANJIANG HENGFENG PAPER CO. LTD.,http://www.hengfengpaper.com
600358,国旅联合,CUTC,CHINA UNITED TRAVEL COMPANY LIMITED,www.cutc.com.cn
600359,新农开发,XTAD,Xinjiang Talimu Agriculture Development Co. Ltd.,http：//www.xnkf.com
600360,华微电子,Sino-Microelectronics,JiLin Sino-Microelectronics Co. Ltd,http://www.hwdz.com.cn
600361,华联综超,BJHLHM,BEIJINGHUALIAN  HYPERMARKET  CO. LTD,-
600362,江西铜业,JCCL,Jiangxi Copper Company Limited,www.jxcc.com
600363,联创光电,Lianovation,JIANXI LIANCHUANG OPTO-ELECTRONIC SCIENCE&TECHNOLOGY CO. LTD,http://www.lianovation.com.cn/
600365,通葡股份,THGW,TONGHUA GRAPE WINE CO. LTD.,http//www.tonhwa.com
600366,宁波韵升,YUNSHENG,NINGBO YUNSHENG  CO. LTD.,http://www.yunsheng.com
600367,红星发展,GZRS,GUIZHOU REDSTAR DEVELOPING CO. LTD.,http://www.hxfz.com.cn
600368,五洲交通,WZJT,GUANGXI WUZHOU COMMUNICATIONS CO. LTD.,-
600369,西南证券,SWSC,Southwest Securities Co. Ltd.,www.swsc.com.cn
600370,三房巷,SFX,Jiangsu Sanfangxiang Industry Co. Ltd.,www.jssfx.com
600371,万向德农,WanXiang Doneed Co. Ltd.,WanXiang Doneed CO.  LTD.,www.wxdoneed.com
600372,中航电子,AVIC AVIONICS,CHINA  AVIONICS SYSTEMS CO. LTD.,-
600373,中文传媒,Chinese Media,CHINESE UNIVERSE PUBLISHING AND MEDIA CO.  LTD.,http://www.600373.com.cn
600375,华菱星马,HUALING XINGMA,HUALING XINGMA AUTOMOBILE（GROUP）CO. LTD.,www.camc.biz
600376,首开股份,BCDC,Beijing Capital Development Co. Ltd,http://www.shoukaigufen.com.cn
600377,宁沪高速,Jiangsu Express,Jiangsu Expressway Company Limited,http://www.jsexpressway.com
600378,天科股份,CTYC,SICHUAN TIANYI SCIENCE & TECHNOLOGY  CO.  LTD.,http://www.tianke.com
600379,宝光股份,BVEA,Shaanxi Baoguang Vacuum Electronic Apparatus Co. Ltd.,http://www.baoguang.com.cn
600380,健康元,Joincare,Joincare Pharmaceutical Group Industry Co. Ltd.,http://www.joincare.com
600381,青海春天,QINGHAI SPRING ,QINGHAI SPRING MEDICINAL RESOURCES TECHNOLOGY CO. LTD,-
600382,广东明珠,GDMZH,Guangdong Mingzhu Group Co. Ltd.,http://www.gdmzh.com
600383,金地集团,Gemdale,Gemdale Corporation,www.gemdale.com
600385,山东金泰,S D J T,SHANDONG JINTAI GROUP CO.  LTD,http://www.sdjintai.com.cn
600386,北巴传媒,BJBASHI,BEIJING BASHI MEDIA CO .LTD,www.bbcm.com.cn
600387,海越股份,HAIYUE,ZHEJIANG HAIYUE CO. LTD,www.chinahaiyue.com
600388,龙净环保,lk,Fujian Longking Co. LTD,HTTP://WWW.Longking.com.cn
600389,江山股份,JSAC,Nantong Jiangshan Agrochemical & Chemicals Co.  Ltd.,http://www.jsac.com.cn
600390,金瑞科技,kingray,Kingray New Materials Science & Technology Co. Ltd.,www.king-ray.com.cn
600391,成发科技,FAST,SICHUAN CHENGFA AERO SCIENCE&TECHNOLOGY CO. LTD.,www.fast.avic.com
600392,盛和资源,SHRC,Shenghe Resources Holding Co. Ltd,http://www.scshre.com/
600393,东华实业,GZDH,GUANGZHOU DONGHUA ENTERPRISE CO.LTD.,http://www.gzdh.com.cn
600395,盘江股份,PJRC,Guizhou Panjiang Refined Coal Co. Ltd.,http://www.pjgf.cn/
600396,金山股份,SHYJSHEN,SHENYANG JINSHAN ENERGY CO.  LTD,http：//www.600396.com
600397,安源煤业,ACIG,ANYUAN COAL INDUSTRY GROUP CO. LTD.,http://www.anyuan2002.com
600398,海澜之家,HEILAN HOME ,HEILAN HOME CO. LTD,http://www.heilanhome.com
600399,抚顺特钢,FSSS,Fushun Special Steel Co. LTD,HTTP://WWW.fs-ss.com
600400,红豆股份, HONGDOU INDUSTRY ,JIANGSU HONGDOU INDUSTRY CO. LTD.,http：//www.hongdou.com.cn
600401,*ST海润,HAREON SOLAR,Hareon Solar Technology Co.  Ltd.,www.hareonsolar.com
600403,大有能源,DAYOU ENERGY,HENAN DAYOU ENERGY CO.  LTD,www.yimeijt.com
600405,动力源,DPC,Beijing Dynamic Power Co.  Ltd,http://www.dpc.com.cn
600406,国电南瑞,NARI-TECH,NARI Technology Co.  Ltd.,www.naritech.cn
600408,*ST安泰,ANTAI GROUP,SHANXI ANTAI GROUP CO. LTD.,www.antaigroup.com
600409,三友化工,Sanyou Chemical ,Tangshan Sanyou Chemical Industries Co. Ltd,http://www.sanyou-chem.com.cn
600410,华胜天成,Teamsun,Beijing Teamsun Technology Co. Ltd,www.teamsun.com.cn
600415,小商品城,YIWU CCC,ZheJiang China Commodities City Group Co. Ltd.,http://www.cccgroup.com.cn
600416,湘电股份,XEMC,Xiangtan Electric Manufacturing Co.  Ltd.,http://www.xemc.com.cn
600418,江淮汽车,JAC,Anhui Jianghuai Automobile Co. Ltd.,www.jac.com.cn
600419,天润乳业,Tianrun Dairy,Xinjiang Tianrun Dairy Co.  Ltd.,www.xjterun.com
600420,现代制药, SHYNDEC ,SHANGHAI SHYNDEC PHARMACEUTICAL  CO.  LTD.,www.shyndec.com
600421,仰帆控股,YANGFANG HOLDING ,HUBEI YANGFANG  HOLDING CO. LTD. ,-
600422,昆药集团,KPC,KPC Pharmaceuticals  Inc.,HTTP://www.kpc.com.cn
600423,柳化股份,LZCIC,Liuzhou Chemical Industry Co.  LTD,www.lzhg.cn
600425,青松建化,qscc,XINJIANG QINGSONG BUILDING MATERIALS AND CHEMICALS (GROUP) CO.  LTD.,www.xjqscc.com
600426,华鲁恒升,HUALU-HENGSHENG ,SHANDONG HUALU-HENGSHENG CHEMICAL CO. LTD,www.hl-hengsheng.com
600428,中远航运,COSCOL,COSCO SHIPPING COMPANY LIMITED,www.coscol.com.cn
600429,三元股份,SANYUAN,BEIJING SANYUAN FOODS CO. LTD.,www.sanyuan.com.cn
600432,吉恩镍业,JE Nickel,Jilin Jien Nickel Industry Co.  LTD,http://www.jlnickel.com.cn
600433,冠豪高新,GH,Guangdong Guanhao High-tech Co.  Ltd,www.guanhao.com
600435,北方导航,NNCC,North Navigation Control Technology Co.  Ltd.,www.bfdh.com.cn
600436,片仔癀,PIEN TZE HUANG,ZHANGZHOU PIENTZEHUANG PHARMACEUTICAL CO. LTD.,www.zzpzh.com
600438,通威股份,TONGWEI,TONGWEI CO. LTD,www.tongwei.com.cn
600439,瑞贝卡,rebecca,HENAN REBECCA HAIR PRODUCTS CO.  LTD,htpp://www.rebecca.com.cn
600444,*ST国通,GUOTONG PP,ANHUI GUOTONG HI-TECH PIPES INDUSTRY CO. LTD.,www.guotone.com
600446,金证股份,szkingdom,shenzhen kingdom technology CO. LTD,www.szkingdom.com
600448,华纺股份,HUAFANG ,HUAFANG CO. LTD,www.hfgf.cn
600449,宁夏建材,NXBM,NINGXIA BUILDING MATERIALS GROUP Co. Ltd,http://www.saimasy.com
600452,涪陵电力,FULING POWER,CHONGQING FULING ELECTRIC POWER INDUSTRIAL CO. LTD.,www.flepc.com.cn
600455,博通股份,But'one,But'one Information Corporation  Xi'an,www.butone.com
600456,宝钛股份,BAOTI,BAOJI TITANIUM INDUSTRY CO.  LTD,http://www.baoti.com
600458,时代新材,TMT,ZHUZHOU TIMES NEW MATERIALS TECHNOLOGY CO. LTD.,http://www.trp.com.cn
600459,贵研铂业,SPM,SINO-PLATINUM METALS CO. LTD,www.sino-platinum.com.cn
600460,士兰微,Silan,Hangzhou Silan Microelectronics Co. Ltd.,www.silan.com.cn
600461,洪城水业,HC WATERWORKS ,JIANGXI HONGCHENG WATERWORKS CO. LTD.,www.jxhcsy.com
600462,石岘纸业,Y.S.B.P,Yanbian Shixian Bailu Papermaking Co.  Ltd,-
600463,空港股份,Airport Corp,Beijing Airport High-Tech Park Co. Ltd.,www.600463.com.cn
600466,蓝光发展,BRC,SICHUAN LANGUANG DEVELOPMENT CO.  LTD.,http://www.brc.com.cn
600467,好当家,HOMEY,SHANDONG  HOMEY  AQUATIC  DEVELOPMENT  CO. LTD.,www.sdhaodangjia.com
600468,百利电气,BENEFO,TIANJIN BENEFO TEJING ELECTRIC CO. LTD.,http：//www.Benefo.tj.cn
600469,风神股份,Aeolus Tyre,AEOLUS TYRE CO. LTD,www.aeolustyre.com
600470,六国化工,Liuguo Chemical ,Anhui Liuguo Chemical Co. Ltd.,www.liuguo.com
600475,华光股份,WHBC,Wuxi Huaguang Boiler Co. Ltd.,www.wxboiler.com
600476,湘邮科技,copote,Hunan  Copote  Science&Technology  Co. Ltd.,www.copote.com.cn
600477,杭萧钢构,HXSS,HANGXIAO STEEL STRUCTURE CO. LTD,www.hxss.com.cn
600478,科力远,CORUN,HUNAN  CORUN  NEW  ENERGY  CO. LTD.,WWW.corun.COM
600479,千金药业,QianJin Pharmaceutical ,ZhuZhou QianJin Pharmaceutical Co.  Ltd.,www.qjyy.com
600480,凌云股份,LINGYUN CORPORATION,LINGYUN  INDUSTRIAL  CORPORATION  LIMITED,www.lingyun.com.cn
600481,双良节能,SEES,Shuangliang Eco-Energy Systems Co. Ltd,www.shuangliang.com
600482,风帆股份,Fengfan Co. Ltd.,Fengfan Stock Limited Company,www.sail.com.cn
600483,福能股份,FUNENG CO. LTD,FUJIAN FUNENG CO. LTD,http://www.fjec.com.cn
600485,信威集团,XINWEI GROUP,Beijing Xinwei Telecom Technology Group Co.  Ltd.,www.xinweigroup.com.cn
600486,扬农化工,Yangnong Chemical,Jiangsu Yangnong Chemical Co. Ltd.,www.yngf.com
600487,亨通光电,HTGD,Hengtong Optic-Electric Co. Ltd.,www.htgd.com.cn
600488,天药股份,TJPC,Tianjin Tianyao Pharmaceutical Co.  Ltd.,http://www.kingyork.biz/tianyaoyaoye/
600489,中金黄金,ZHONGJIN GOLD,ZHONGJIN GOLD CORPORATION LIMITED,www.zjgold.com
600490,鹏欣资源,Pengxin Mining,Pengxin International Mining Co. Ltd,http://www.pengxinzy.com.cn
600491,龙元建设,LYCG,LONG YUAN CONSTRUCTION GUOUP CO. LTD,www.lycg.com.cn
600493,凤竹纺织,fzfz,fujian fynex textile science & technology co. ltd.,www.fynex.com.cn
600495,晋西车轴,JINXI AXLE,JINXI AXLE COMPANY LIMITED,http://www.jinxiaxle.com.cn
600496,精工钢构,cjjg,changjiang & jinggong steel building (group) co. ltd,www.600496.com
600497,驰宏锌锗,Ch Zn&Ge,Yunnan Chihong Zinc&Germanium Co. Ltd.,http://www.chxz.com
600498,烽火通信,FiberHome,Fiberhome Telecommunication Technologies Co. Ltd.,http://www.fiberhome.com
600499,科达洁能,KEDA,Keda Clean Energy Co.  Ltd.,www.kedachina.com.cn
600500,中化国际,SINOCHEM INTERNATIONAL,SINOCHEM INTERNATIONAL CORPORATION,http://www.sinochemintl.com
600501,航天晨光,Aerosun,Aerosun Corporation,http://www.aerosun.cn
600502,安徽水利,AWRD,Anhui Water Resources Development Co. Ltd.,www.cahsl.com
600503,华丽家族,Deluxe Family,Deluxe Family Co.  Ltd.,www.deluxe-family.com
600505,西昌电力,XCEP,Sichuan Xichang Electric Power Co. Ltd,www.scxcdl.com
600506,香梨股份,XLGF,XIN JINAG KORLA PEAR CO. LTD,www.xjxlgf.com.cn
600507,方大特钢,FangDa S.Steel,FANGDA SPECIAL STEEL TECHNOLOGY CO.  LTD,www.fangda-speciaisteels.com
600508,上海能源,SHANGHAI  ENERGY,SHANGHAI DATUN ENERGY RESOURSES CO. LTD.,http://www.sdtny.com
600509,天富能源,TFNY,XINJIANG TIANFU ENERGY CO. LTD,www.tfrd.com.cn
600510,黑牡丹,BLACK PEONY,BLACK PEONY (GROUP) CO.  LTD.,www.blackpeony.com
600511,国药股份,SINOPHARM CNMC,China National Medicines Corporation Ltd.,www.cncm.com.cn
600512,腾达建设,TENGDA  CONST.,Tengda Construction Group Co. Ltd.,www.tengdajs.com
600513,联环药业,LHPHARMA,Jiangsu Lianhuan Pharmaceutical Co.  Ltd.,http://www.lhpharma.com
600515,海岛建设,Hainan Island Construction,Hainan Island Construction Co.  Ltd,http://www.zhuxin.biz
600516,方大炭素,FangDa Carbon,FangDa Carbon New Material CO. LTD,www.fdtsgs.com
600517,置信电气,ZXDQ,Shanghai Zhixin Electric Co. ltd,www.zhixindianqi.com.cn
600518,康美药业,KMYY,Kangmei Pharmaceutical Co.  Ltd,HTTP://WWW.KANGMEI.COM.CN
600519,贵州茅台,KWEICHOW MOUTAI,KWEICHOW MOUTAI CO. LTD.,http://www.moutaichina.com
600520,中发科技,Zonfa Technology,TongLing Zonfa Trinity Technology Co. Ltd,www.chinatrinity.com
600521,华海药业,huahaipharm,Zhejiang Huahai Pharmaceutical Co. LTD.,http://www.huahaipharm.com
600522,中天科技,ZTT,JIANGSU ZHONGTIAN TECHNOLOGY CO. LTD.,www.chinaztt.com
600523,贵航股份,GACO,GUIZHOU GUIHANG AOTOMOTIVE COMPONENTS CO.  LTD,http://www.gzghgf.com/
600525,长园集团,CYG,CHANGYUAN GROUP LTD.,www.cyg.com
600526,菲达环保,FEIDA ENVIRO,ZHEJIANG FEIDA ENVIRONMENTAL SCIENCE &TECHNOLOGY CO. LTD.,www.feida.biz
600527,江南高纤,JNGX,Jiangsu Jiangnan High Polymer Fiber CO. Ltd,www.jngx.cn
600528,中铁二局,CREC,CHINA RAILWAY ERJU CO. LTD.,http://www.crec.com.cn
600529,山东药玻,SDPG,SHANDONG PHARMACEUTICAL GLASS CO. LTD,www.pharmglass.com
600530,交大昂立,JIAODA ONLLY,SHANGHAI JIAODA ONLLY CO. LTD,HTTP://WWW.onlly.com.cn
600531,豫光金铅,YGGL,HENAN YUGUANG GOLD&LEAD CO. LTD,www.yggf.com.cn
600532,宏达矿业,HONGDA MINING,SHANDONG HONGDA MINING CO. LTD,-
600533,栖霞建设,CHIXIA DEVELOPMENT ,NANJING CHIXIA DEVELOPMENT CO.  LTD.,www.chixia.com
600535,天士力,Tasly,Tasly Pharmaceutica Group CO.  LTD.,www.tasly.com
600536,中国软件,CHINASOFT,CHINA NATIONAL SOFTWARE & SERVICE COMPANY LIMITED,www.css.com.cn
600537,亿晶光电,EGING PV,EGing Photovoltaic Technology Co.  Ltd.,www.egingpv.com
600538,国发股份,Gofar Stock,Beihai Gofar Marine Biological Industry Co.  Ltd.,www.gofar.com.cn
600539,*ST狮头,LIONHEAD,Taiyuan Lionhead Cement Co. Ltd.,http://www.sse.com.cn
600540,新赛股份,XINSAI CO. LTD,XINJIANG SAYRAM MODERN AGRICULTURE CO. LTD.,http://www.xinsai.com
600543,莫高股份,GSMG,GANSU MOGAO INDUSTRIAL DEVELOPMENT CO. LTD.,www.mogao.com
600545,新疆城建,XUCC,XINJIANG URBAN CONSTRUCTION（GROUP） CO. LTD,www.xjcj.com
600546,山煤国际,SCIE,Shanxi Coal International Energy Group Co. LTD,http://www.smgjcoal.com
600547,山东黄金,sd-gold,SHANDONG GOLD MINING CO. LTD.,http://www.sdhjgf.com.cn
600548,深高速,szew,SHENZHEN EXPRESSWAY CO.  LTD.,www.sz-expressway.com
600549,厦门钨业,XTC,XIAMEN TUNGSTEN CORP.,WWW.CXTC.COM
600550,保变电气,-,BAODING TIANWEI BAOBIAN ELECTRIC CO. LTD,http://www.twbb.com
600551,时代出版,Time Publishing,Time Publishing & Media CO.  LTD.,www.press-mart.com
600552,方兴科技,FXKJ,Anhui Fangxing Science & Technology Co. Ltd,www.fangxingkj.com
600555,九龙山,NINE DRAGON,SHANGHAI NINE DRAGON TOURISM CO. LTD.,www.ninedragon.com.cn
600556,慧球科技,FUTURE TECHNOLOGY,GUANGXI  FUTURE TECHNOLOGY CO.  LTD.,www.bsyy.com.cn
600557,康缘药业,Kanion Pharmaceutical,Jiangsu Kanion Pharmaceutical Co. Ltd.,www.kanion.com
600558,大西洋,ATLANTIC,Atlantic China Welding Consumables Inc.,http://www.weldatlantic.com
600559,老白干酒,lao bai gan jiu,HEBEI HENGSHUI LAOBAIGAN LIQUOR CO. LTD.,www.hengshiulaobaigan.net
600560,金自天正,AriTime,Beijing AriTime Intelligent Control Co.  Ltd.,aritime@AriTime.com
600561,江西长运,Jiangxi Changyun,Jiangxi Changyun Co.  Ltd.,www.jxcy.com.cn
600562,国睿科技,GLARUNTECH,GLARUN TECHNOLOGY CO． LTD．,www.glaruntech.com
600563,法拉电子,Faratronic,Xiamen Faratronic Co. LTD.,www.faratronic.com.cn
600565,迪马股份,DIMA,CHONGQING DIMA INDUSTRY CO. LTD,www.chinadima.com
600566,济川药业,JUMPCAN PHARMACEUTICAL CO.  LTD.,HUBEI JUMPCAN PHARMACEUTICAL CO.  LTD.,http://www.jumpcan.com
600567,山鹰纸业,SHANYING PAPER,ANHUI SHANYING PAPER INDUSTRY CO. LTD,www.shanyingpaper.com
600568,中珠控股,ZZKG,ZHONGZHU HOLDING CO.  LTD,www.zzkg600568.com
600569,安阳钢铁,AYIS,AnYang lron And Steel Co. Ltd,http://www.aysteel.com.cn
600570,恒生电子,HUNDSUN,HUNDSUN TECHNOLOGIES INC.,www.hundsun.com
600571,信雅达,Sunyard,Sunyard System Engineering Co. Ltd.,http://www.sunyard.com
600572,康恩贝,CONBA,ZHEJIANG CONBA PHARMACEUTICAL CO. LTD.,http://www.conbagroup.com
600573,惠泉啤酒,HuiQuan Beer ,FuJian YanJing HuiQuan Brewery Co. Ltd,Http://www.huiquan-beer.com
600575,皖江物流,Wanjiang Logistics,Anhui Wanjiang Logistics (Group) Co. Ltd,http//:www.whpstc.com.cn
600576,万家文化,WHWH,Zhejiang Wanjia CO LTD,www.cn-pg.cn
600577,精达股份,TJSMW,TONGLING JINGDA SPECIAL MAGNET WIRE CO. LTD.,www.jingda.cn
600578,京能电力,BJP,BEIJING JINGNENG POWER CO. LTD.,www.jingnengpower.com
600579,天华院,THI,Qingdao  Tianhua  Institute  Of  Chemistry   Engineering  Company  Limited,http://www.thy.chemchina.com
600580,卧龙电气,WOLONG ELECTRIC ,WOLONG ELECTRIC GROUP CO. LTD.,www.wolong.com.cn
600581,八一钢铁,BYIS,XinJiang Ba Yi Iron & Steel Co.  Ltd,http://www.bygt.com.cn
600582,天地科技,TDTEC,Tiandi Science & Technology Co. LTD,http://www.tdtec.com
600583,海油工程,COOEC,OFFSHORE OIL ENGINEERING CO.  LTD.,www.cnoocengineering.com
600584,长电科技,JCET,Jiangsu Changjiang Electronics Technology Co.  Ltd.,http://www.cj-elec.com
600585,海螺水泥,ACC,Anhui Conch Cement Company Limited,www.conch.cn
600586,金晶科技,jjkj,Shandong Jinjing Science & Technology Co. Ltd,www.cnggg.cn
600587,新华医疗,SHINVA,SHINVA MEDICAL INSTRUMENT CO  LTD,www.shinva.com
600588,用友网络,Yonyou,Yonyou Network Technology Co.  Ltd.,http://www.yonyou.com
600589,广东榕泰,GDRT,GUANGDONG RONGTAI INDUSTRY CO. LTD,HTTP://WWW.GDRONGTAI.CN
600590,泰豪科技,TELLHOW,TELLHOW SCI-TECH CO. LTD.,www.tellhow.com
600592,龙溪股份,LS BEARINGS,FUJIAN LONGXI BEARING （GROUP）CO. LTD.,www.ls.com.cn
600593,大连圣亚,sunasia,Dalian Sunaisa Tourism Holdings Co. Ltd,www.sunasia.com
600594,益佰制药,YiBai Pharmaceutical,GuiZhou YiBai Pharmaceutical Co.  Ltd.,www.gzcci.com
600595,中孚实业,ZFSY,Henan Zhongfu Industry Co. Ltd,www.zfsy.com.cn
600596,新安股份,XACIG,ZHEJIANG XINAN CHEMICAL INDUSTRIAL GROUP CO. LTD,www.wynca.com
600597,光明乳业,BRIGHT DAIRY,BRIGHT DAIRY & FOOD CO. LTD,http://www.brightdairy.com
600598,北大荒,hacl,heilongjiang agriclture company limited,www.hacl.cn
600599,熊猫金控,PANDA FINANCIAL,PANDA FINANCIAL HOLDING CORP.  LTD.,www.pandafireworks.com
600600,青岛啤酒,TSINGTAO BREWERY ,TSINGTAO BREWERY COMPANY LIMITED,www.tsingtao.com.cn
600601,方正科技,FOUNDERTECH,FOUNDER TECHNOLOGY GROUP CO.  LTD.,http://www.foundertech.com
600602,仪电电子,INESA-E,INESA Electron Co.  Ltd.,http://www.sva-e.com
600603,大洲兴业,DZXY,DAZHOU XINGYE HOLDINGS CO. LTD,-
600604,市北高新,SHIBEI HI-TECH,SHANGHAI SHIBEI HI-TECH CO. LTD.,www.shibeiht.com
600605,汇通能源,HUITONG ENERGY,SHANGHAI HUITONG ENERGY CO. LTD.,http://www.huitongenergy.com
600606,绿地控股,-,Greenland Holdings Corporation Limited,www.ldjt.com.cn
600608,*ST沪科,SBT,SHANGHAI BROADBAND TECHNOLOGY CO. LTD.,www.600608.net
600609,金杯汽车,SJA,SHENYANG JINBEI AUTOMOTIVE COMPANY LIMTED,-
600610,中毅达,ZYD,Shang Hai Zhong Yi Da Co. Ltd,http://www.600610.com.cn
600611,大众交通,DZT,DAZHONG TRANSPORTATION（GROUP）CO. LTD.,WWW.96822.COM
600612,老凤祥,L.F.X,LAO FENG XIANG CO. LTD.,http://www.chinafirstpencil.com/
600613,神奇制药,Shenqi Pharmaceutical,Shanghai Shenqi Pharmaceutical Investment Management Co.  Ltd.,：http://www.gzsq.com
600614,鼎立股份,DINGLI CO. LTD,SHANGHAI DINGLI TECHNOLOGY DEVELOPMENT GROUP CO. LTD,http://www.600614.com/
600615,丰华股份,SFH,SHANGHAI FENGHWA GROUP CO. LTD,http://www.fenghwa.sh.cn
600616,金枫酒业,SJW,SHANGHAI JINFENG WINE COMPANY LIMITED,http://www.jinfengwine.com
600617,国新能源,GX ENERGY,SHANXI GUOXIN ENERGY CORPORATION LIMITED,www.600617.net
600618,氯碱化工,SCAC,SHANGHAI CHLOR-ALKALI CHEMICAL CO. LTD.,http://www.scacc.com
600619,海立股份,HIGHLY GROUP,SHANGHAI HIGHLY(GROUP) CO. LTD.,http://www.highly.cc
600620,天宸股份,SHSTC,SHANGHAI TIANCHEN CO. LTD.,http://www.shstc.com
600621,华鑫股份,SHCF,SHANGHAI CHINAFORTUNE CO.  LTD,www.shchinafortune.com
600622,嘉宝集团,JB,SHANGHAI JIABAO INDUSTRY & COMMERCE (GROUP) CO. LTD,http：//www.jbjt.com
600623,双钱股份,DCHL,DOUBLE COIN HOLDINGS LTD.,http://www.cstarc.com
600624,复旦复华,FUDAN FORWARD,SHANGHAI FUDAN  FORWARD S&T CO.  LTD,http：//www. forwardgroup. com
600626,申达股份,SD,Shanghai Shenda Co. Ltd.,http://www.cnshenda.com.cn
600628,新世界,SNW,SHANGHAI NEW WORLD CO. LTD.,http://www.newworld-china.com
600629,华建集团,LICO,SHANGHAI LENGGUANG INDUSTRIAL CO. LTD,-
600630,龙头股份,SHD,SHANGHAI DRAGON CORPORATION,HTTP://www.shanghaidragon.com.cn
600633,浙报传媒,ZDM,Zhejiang Daily Media Group Co. Ltd.,www.600633.cn
600634,中技控股,ZHONGJI HOLDING,SHANGHAI ZHONGJI INVESTMENT HOLDING CO.  LTD.,http://www.zpzchina.com/
600635,大众公用,DZUG,Shanghai DaZhong Public Utilities (Group) Co. Ltd,HTTP://WWW.dzug.cn
600636,三爱富,3FNM,SHANGHAI 3F NEW MATERIALS COMPANY LIMITED,http://www.sh3f.com
600637,东方明珠,-,Shanghai Oriental Pearl Media Co. Ltd.,www.oriental-pearl.cn
600638,新黄浦,NHPRECL,SHANGHAI NEW HUANG PU REAL ESTATE CO. LTD.,HTTP://WWW.600638.com
600639,浦东金桥,PUDONG JINQIAO,Shanghai Jinqiao Export Processing Zone Development Co. Ltd.,http://www.58991818.com
600640,号百控股,BTH,Besttone Holding co. Ltd.,http://www.besttoneh.com
600641,万业企业,SHWY,SHANGHAI WANYE ENTERPRISES CO. LTD.,http://www.600641.com.cn
600642,申能股份,Shenergy,SHENERGY COMPANY LIMITED,http://www.shenergy.net.cn
600643,爱建集团,AJC,SHANGHAI AJ GROUP CO. LTD.,http://www.aj.com.cn
600644,*ST乐电,LEP,LESHAN ELECTRIC POWER CO. LTD.,www.lsep.com.cn
600645,中源协和,Zhongyuan Union,ZHONGYUAN UNION CELL & GENE ENGINEERING CORP.  LTD,www.vcanbio.com
600647,同达创业,SHTD,SHANGHAI TONGDA VENTURE CAPITAL CO.  LTD．,/
600648,外高桥,WGQ,SHANGHAI WAI GAOQIAO FREE TRADE ZONE DEVELOPMENT CO. LTD.,http://www.waigaoqiao.com.cn
600649,城投控股,SMI Holding,Shanghai SMI Holding Co.  Ltd.,www.sh600649.com
600650,锦江投资,JINJIANG INVEST,Shanghai Jin Jiang International Industrial Investment Co. Ltd,www.jjtz.com
600651,飞乐音响,FACS,Shanghai Feilo Acoustics Co.  ltd,www.facs.com.cn
600652,游久游戏,U9 GAME,SHANGHAI U9 GAME CO. LTD.,www.sh-ace.com
600653,申华控股,SSHC,Shanghai Shenhua Holdings Co. Ltd.,HTTP://www.600653.com.cn
600654,中安消,CSF,China Security & Fire Co. Ltd,http://www.600654.com/
600655,豫园商城,YYTM,SHANGHAI YUYUAN TOURIST MART CO. LTD,www.yuyuantm.com.cn
600657,信达地产,Cinda Real Estate,Cinda Real Estate Co. Ltd.,www.cindare.com
600658,电子城,BEZ,Beijing Electronic Zone Investment and Development Co.  Ltd,http://www.bez.com.cn
600660,福耀玻璃,FYG,FUYAO GLASS INDUSTRY GROUP CO. LTD,HTTP://WWW.FUYAOGROUP.COM
600661,新南洋,SXN,SHANGHAI XIN  NAN YANG CO. LTD,HTTP://WWW.XIN－NY.COM
600662,强生控股,Qiang  Sheng  Holding,Shanghai QiangSheng Holding CO. Ltd.,HTTP://WWW.62580000.com.cn
600663,陆家嘴,LJZ,Shanghai Lujiazui Finance & Trade Zone Development Co. Ltd.,HTTP://WWW.LJZ.COM.CN
600664,哈药股份,HPGC,Harbin Pharmaceutical Group CO. LTD.,http://www.hayao.com
600665,天地源,TANDE,Tande CO. LTD.,www.tande.cn
600666,奥瑞德,AURORA,AURORA OPTOELECTRONICS CO. LTD,-
600667,太极实业,WXTJ,WUXI TAIJI INDUSTRY COMPANY LIMITED.,http://www.wxtj.com
600668,尖峰集团,ZJJF,ZHEJIANG JIANFENG GROUP CO. LTD,http://www.jianfeng.com.cn
600671,天目药业,TMSP,HANGZHOU TIAN-MU-SHAN PHARMACEUTICAL ENTERPRISE CO. LTD,http://www.hztmyy.com
600673,东阳光科,GDHEC CO. LTD,GUANGDONG HEC TECHNOLOGY HOLDING CO.  LTD,www.hec-al.com
600674,川投能源,SCTE,SICHUAN CHUANTOU ENERGY CO. LTD.,www.scte.com.cn
600675,中华企业,CECL.,CHINA ENTERPRISE COMPANY LIMITED,http://www.cecl.com.cn
600676,交运股份,SJY.,SHANGHAI JIAO YUN  GROUP CO.  LTD.,http://www.cnsjy.com
600677,航天通信,AEROCOM,AEROSPACE COMMUNICATIONS HOLDINGS GROUP CO. LTD.,www.aerocom.cn
600678,四川金顶,SCGS,SICHUAN GOLDEN SUMMIT (GROUP) JOINT-STOCK CO.  LTD.,http://www.scjd.cn
600679,金山开发,JKD,Jinshan Development & Construction Co.  Ltd.,http://www.jskfjs.com
600680,上海普天,shpte,SHANGHAI POTEVIO CO. LTD.,http://www.shpte.com
600681,万鸿集团,WINOWNER,WIONWNER GROUP CO.  LTD.,HTTP://WWW.WINOWNER.COM
600682,南京新百,NJXB,NANJING XINJIEKOU DEPARTMENT STORE CO. LTD,HTTP://www.njxb.com
600683,京投银泰,MTL,METRO LAND CO.LTD,http://www.600683.com
600684,珠江实业,GZPR,GUANGZHOU PEARL RIVER INDUSRIAL DEVELOPMENT CO. LTD.,HTTP://WWW.GZZJSY.COM
600685,中船防务,COMEC,CSSC OFFSHORE & MARINE ENGINEERING (GROUP) COMPANY LIMITED,comec.cssc.net.cn
600686,金龙汽车,KLM,XIAMEN KING LONG MOTOR GROUP CO. TLD.,www.xmklm.com.cn
600687,刚泰控股,GTKG,Gansu Gangtai Holding(Group) Co. Ltd,www.gangtaikonggu.com.cn
600688,上海石化,SPC,SINOPEC SHANGHAI PETROCHEMICAL CO. LTD,http://www.spc.com.cn
600689,上海三毛,SMEG,SHANGHAI SANMAO ENTERPRISE (GROUP) CO. LTD.,www.600689.com
600690,青岛海尔,HAIER,QINGDAO HAIER CO. LTD,http://www.haier.net/cn/about_haier/
600691,*ST阳化,YMCC,YANGMEI CHEMICAL CO. LTD,http://www.ymhg.com.cn
600692,亚通股份,YT,SHANG HAI YA TONG CO. LTD.,http://www.shanghaiyateng。com
600693,东百集团,FJDB,FUJIAN DONGBAI (GROUP) CO. LTD.,www.dongbai.com
600694,大商股份,DS,DASHANG CO. LTD.,www.dsjt.com
600695,绿庭投资,GIG,Shanghai Greencourt Investment Group Co.  Ltd.,http://www.dajiang.com
600696,匹凸匹,P2P,P2P Financial Information Service Co.  Ltd.,www.p2p.com
600697,欧亚集团,CCEG,CHANG CHUN EURASIA GROUP CO.  LTD.,www.cn-eurasiagroup.com
600698,湖南天雁,HNTY,HUNAN TYEN MACHINERY CO.  LTD,http://www.tyen.com.cn
600699,均胜电子,NJEC,NINGBO JOYSON ELECTRONIC CORP.,http://www.joyson.cn
600701,工大高新,HGDHTED,HARBIN GONG DA HIGH-TECH ENTERPRISE DEVELOPMENT CO. LTD.,-
600702,沱牌舍得,Tuopai Shede ,Sichuan Tuopai Shede Wine Co.  Ltd.,http://www.chinatuopai.com
600703,三安光电,SAN'AN OPTO,SAN'AN OPTOELECTRONICS CO. LTD,www.sanan-e.com
600704,物产中大,ZDYT,Materials Industry Zhongda Group Co. Ltd.,http://www.zhongda.com
600705,中航资本,AVIC CAPITAL,AVIC CAPITAL CO. LTD.,http://www.aviccapital.com
600706,曲江文旅,QJCT,XI’AN QUJIANG CULTURAL TOURISM CO. LTD.,www.qjtourism.com
600707,彩虹股份,IDD,IRICO DISPLAY DEVICES CO. LTD,http://www.chgf.com.cn
600708,光明地产,-,BRIGHT REAL ESTATE GROUP CO. LIMITED,http://www.bre600708.com/
600710,*ST常林,CHL,CHANGLIN COMPANY LIMITED,www.changlin.com.cn
600711,盛屯矿业,CTM,CHENGTUN MINING GROUP CO. LTD,www.600711.com
600712,南宁百货,N.N.STORE,NANNING DEPARTMENT STORE CO. LTD.,http://www.nnbh.com.cn
600713,南京医药,NJYY,NanJing Pharmaceutical Company Limited,www.njyy.com
600714,金瑞矿业,Jinrun Mineral ,Qinghai Jinrun Mineral Development Co.  Ltd,-
600715,*ST松辽,Song Liao Auto,Song Liao Automotive Co. Ltd.,无
600716,凤凰股份,PHOENIX PROPERTY,JIANGSU PHOENIX PROPERTY INVESTMENT COMPANY LIMITED,http://www.fhzy.cn/
600717,天津港,TIANJIN PORT,TIANJIN PORT HOLDINGS CO. LTD.,www.tianjin-port.com
600718,东软集团,Neusoft,Neusoft Corporation,http://www.neusoft.com
600719,大连热电,DTPC,DALIAN THERMAL POWER CO. LTD.,http://www.dlrd.com
600720,祁连山,QLS,GANSU QILIANSHAN CEMENT GROUP CO. LTD.,www.qlssn.com
600721,百花村,BHC,Xinjiang Baihuacun co. ltd,www.xjbhc.net
600722,*ST金化,JINNIU CHEMICAL,HEBEI JINNIU CHEMICAL INDUSTRIAL CO. LTD,www.hbjnhg.com
600723,首商股份,BCRG,Beijing Capital Retailing Group Co.  Ltd.,http://www.xdsc.com.cn
600724,宁波富达,NINGBOFUDA,NINGBO FUDA COMPANY LIMITED,http://www.Fuda.com
600725,云维股份,YNYW,YUNNAN YUNWEI COMPANY LIMITED,http://www.ywgf.cn
600726,华电能源,HDECL,Huadian Energy Company Limited,-
600727,鲁北化工,LBC,SHANDONG LUBEI CHEMICAL CO. LTD.,http://www.lubeichem.com
600728,佳都科技,PCI-STCL,PCI-SUNTEK TECHNOLOGY CO.  LTD.,HTTP://WWW.SUNTEKTECH.COM
600729,重庆百货,CBEST,CHONGQING DEPARTMENT STORE CO. LTD.,http://www.e-cbest.com
600730,中国高科,CHINA HI-TECH,CHINA HI-TECH GROUP CO. LTD.,http://www.chinahitech.com.cn
600731,湖南海利,HLC,HUNAN HAILI CHEMICAL INDUSTRY CO. LTD.,http://www.hnhlc.com
600732,*ST新梅,SHXM,SHANGHAI XINMEI REAL ESTATE CO.  LTD.,www.shinmay.com.cn
600733,S前锋,QFEC, ChengDu QianFeng Electronic Co .Ltd,-
600734,实达集团,SG,Fujian Start Group Co. Ltd,http://www.start.com.cn/
600735,新华锦,HIKING,SHANDONG HIKING INTERNATIONAL CO.  LTD.,-
600736,苏州高新,SZNH,SUZHOU NEW DISTRICT HI-TECH INDUSTRIAL CO. LTD,HTTP://WWW.sndnt.com
600737,中粮屯河,Cofco  Tunhe  ,Cofco  Tunhe  Co. Itd.,HTTP://WWW.TUNHE.COM
600738,兰州民百,LZMB,LANZHOU MINBAI SHAREHOLDING (GROUP) CO. LTD.,HTTP://www.lzminbai.com.cn
600739,辽宁成大,LNCD,LIAONING CHENGDA CO. LTD.,http://www.chengda.com.cn
600740,山西焦化,SCC,SHAN XI COKING CO. LTD,www.sxjh.com.cn
600741,华域汽车,HASCO,HUAYU Automotive Systems Company Limited,www.huayu-auto.com
600742,一汽富维,FAWAY,Changchun FAWAY Automobile Components Co.  Ltd,www.fawfw.com.cn
600743,华远地产,HY PROPERTY,HUAYUAN PROPERTY CO. LTD.,www.hy-online.com
600744,华银电力,DHEP,DATANG HUAYIN ELECTRIC POWER CO. LTD.,HTTP://WWW.HYPOWER.COM.CN
600745,中茵股份,JOININ,JOININ (HOLDING) CO. LTD.,www.joinin-holding.com
600746,江苏索普,SOPO,JIANGSU SOPO CHEMICAL CO.LTD.,Http://www.sopo.com.cn
600747,大连控股,dlkg,DALIAN DAXIAN ENTERPRISES HOLDINGS CO. LTD,www.dl-hold.com
600748,上实发展,SID,SHANGHAI INDUSTRIAL DEVELOPMENT CO. LTD.,www.sidlgroup.com
600749,西藏旅游,TIBET TOURISM,TIBET TOURISM CO. LTD,http://www.600749.com
600750,江中药业,JZYY,JIANGZHONG PHARMACEUTICAL CO. LTD,http://www.jzjt.com
600751,天海投资,TIC,TIANJIN TIANHAI INVESTMENT CO.  LTD.,www.tjtmsc.com
600753,东方银星,HOSSI,HENAN  ORIENTAL SILVER STAR INVESTMENT CO.LTD,http://www.yinxingdf.com
600754,锦江股份,JINJIANG SHARES,Shanghai Jin Jiang International Hotels Development Co. Ltd.,Http://www.jinjianghotels.sh.cn
600755,厦门国贸,ITG,XIAMEN INTERNATIONAL TRADE GROUP CORP.  LTD.,http：//www.itg.com.cn
600756,浪潮软件,ISS,Inspur software  Co. Ltd.,HTTP://WWW.Inspur.com.cn
600757,长江传媒,CJPL,Changjiang Publishing & Media Co. Ltd,http://www.cjcb.com.cn/
600758,红阳能源,HYNY,LIAONING HONGYANG ENERGY RESOURCE INVEST Co.Ltd.,-
600759,洲际油气,Geo-Jade Petroleum,Geo-Jade Petroleum Corporation,http://www.sse.com.cn
600760,中航黑豹,ZHHB,ZHONGHANG HEIBAO CO. LTD,HTTP://www.heibao.com
600761,安徽合力,AHHL,ANHUI HELI CO. LTD.,http://www.helichina.com
600763,通策医疗,TCMEDICAL,TOPCHOICE MEDICAL INVESTMENT CO.INC,www.tcmedical.com.cn
600764,中电广通,CEC CoreCast,CEC CoreCast Corporation Limited,www.cecgt.com
600765,中航重机,AVICHM,AVIC HEAVY MACHINERY CO. LTD.,http://www.avichm.com
600766,园城黄金,yuancheng gold,YanTai Yuancheng Gold CO. LTD .,-
600767,运盛医疗,winsan,WINSAN(SHANGHAI)  MEDICAL SCIENCE AND TECHNOLOGY CO. LTD,http://www.winsan.cn
600768,宁波富邦,NBFB,NINGBO FUBANG JINGYE GROUP Co .LTD,HTTP://www.600768.com.cn
600769,祥龙电业,XLDY,WUHAN XIANGLONG POWER INDUSTRY CO LTD.,-
600770,综艺股份,JSZY,Jiangsu Zongyi Co. LTD,http://www.600770.com
600771,广誉远,GuangYuYuan,GuangYuYuan Chinese Herbal Medicine Co. Ltd.,http://www.topsun.com
600773,西藏城投,TUDI,Tibet Urban Development and Investment Co. LTD,http://www.600773sh.com
600774,汉商集团,HSGC,WUHAN HANSHANG GROUP CO. LTD.,http://www.whhsg.com
600775,南京熊猫,NPEC,NANJING PANDA ELECTRONICS COMPANY LIMITED,http://www.chinapanda.com.cn
600776,东方通信,Eastcom,EASTERN COMMUNICATIONS CO. LTD.,http://www.eastcom.com
600777,新潮实业,XCIC,YANTAI XINCHAO INDUSTRY CO. LTD.,http://WWW.xinchashiye.com
600778,友好集团,YOUHAO GROUP,XINJIANG YOUHAO (GROUP) CO. LTD,HTTP://WWW.xjyh.com
600779,*ST水井,SCSF,SICHUAN SWELLFUN CO. LTD,www.swellfun.com
600780,通宝能源,TEC,TOP ENERGY COMPANY LTD.SHANXI,http://www.600780.com.cn
600781,辅仁药业,FR,FUREN PHARMACEUTICAL INDUSTRIL(GROUP) CO. COM,http://www.shfuren.cn
600782,新钢股份,xinsteel,Xinyu Iron ＆ Steel Co. Ltd,http://www.xinsteel.com.cn
600783,鲁信创投,Luxin Co. ,Luxin Venture Capital Group Co.  Ltd.,HTTP://WWW.600783.CN
600784,鲁银投资,LUYIN INVEST,LUYIN INVESTMENT GROUP CO. LTD.,-
600785,新华百货,XHCG,YINCHUAN XINHUA COMMERCIAL (GROUP) CO. LTD.,www.xhds.com.cn
600787,中储股份,CMST,CMST Development Co. Ltd.,www.cmstd.com.cn
600789,鲁抗医药,LKPC,SHANDONG LUKANG PHARMACEUTICAL CO. LTD.,www.lkpc.com
600790,轻纺城,L&T  City,ZheJiang China Light&Textile Industrial City Group Co. Ltd.,http://www.qfcgroup.com
600791,京能置业,BEIH-ZY,BEIH-PROPERTY CO.  LTD,WWW.BEIH-ZY.COM
600792,云煤能源,YNCE,Yunnan Coal & Energy Co. Ltd.,http://www.ymnygf.com
600793,ST宜纸,Yibin Paper,YibinpaperindustryCO. LTD,HTTP://WWW.yb-zy.com
600794,保税科技,ZFTC,ZHANGJIAGANG FREETRADE SCIENCE AND TECHNOLOGY CO. LTD.,www.zftc.net
600795,国电电力,GDPD,GD POWER DEVELOPMENT CO.  LTD,www.600795.com.cn
600796,钱江生化,QJBIOCH,ZHEJIANG QIANJIANG BIOCHEMICAL COMPANY LIMITED,http://www.600796.com
600797,浙大网新,INSIGMA,INSIGMA TECHNOLOGY CO. LTD.,www.insigma.com.cn
600798,宁波海运,NBMC,NINGBO MARINE COMPANY LIMITED.,http//www.nbmc.com.cn
600800,天津磁卡,GMCC,TIAN JIN GLOBAL MAGNETIC CARD CO. LTD,HTTP://www.gmcc.com.cn
600801,华新水泥,HUAXINCEM,HUAXIN  CEMENT  CO.   LTD.,http//www.huaxincem .com
600802,福建水泥,FJC INC.,FUJIAN CEMENT INC.,http://fjcement.com/
600803,新奥股份,ENN-EC,ENN Ecological Holdings  Co. LTD,http://www.enn-ec.com.cn
600804,鹏博士,DR.PENG,DR.PENG TELECOM&MEDIA GROUP CO. LTD.,http://www.drpeng.com.cn
600805,悦达投资,Yueda Inv.,Jiangsu Yueda Investment Co.Ltd.,http://www.yueda.com
600806,昆明机床,KMJC,SHENJI GROUP KUNMING MACHINE TOOL COMPANY LIMITED,http://www.kmtcl.com.cn
600807,天业股份,S.T.H,Shandong Tyan Home Co. Ltd,www.tyanhome.com.cn
600808,马钢股份,MAS C.L.,MAANSHAN IRON & STEEL COMPANY LIMITED,http://www.magang.com.cn
600809,山西汾酒,Shanxi Fen Wine,SHANXI XINGHUACUN FEN WINE FACTORY  CO. LTD,http://www.fenjiu.com.cn
600810,神马股份,SMIC,SHEN MA INDUSTRY CO. LTD,www.shenma.com
600811,东方集团,OGI,ORIENT GROUP INCORPORATION,http：//www.china-orient.com
600812,华北制药,NCPC,NORTH CHINA PHARMACEUTICAL COMPANY. LTD,HTTP://www.ncpc.com
600814,杭州解百,HJBG,HANGZHOU JIEBAI GROUP CO.  LIMITED.,http://www.jiebai.com
600815,厦工股份,XGMA,Xiamen XGMA Machinery Company Limited.,www.xiagong.com
600816,安信信托,AXXT,ANXIN TRUST CO. LTD,http://www.anxintrust.com
600817,ST宏盛,HST,XI'AN HONGSHENG TECHNOLOGY CO. LTD.,-
600818,中路股份,ZLC,ZHONGLU CO .LTD.,http://www.cnforever.com
600819,耀皮玻璃,SYP,SHANGHAI YAOHUA PILKINGTON GLASS GROUP CO LTD.,www.sypglass.com
600820,隧道股份,STEC,SHANGHAI TUNNEL ENGINEERING CO. LTD.,www.stec.net
600821,津劝业,TJQYC,Tianjin Quan Ye Chang (Group) Co.  Ltd,http://www.qyc.com.cn/
600822,上海物贸,SMTC,Shanghai Material Trading Co.  Ltd.,http://www.shwmzx.com/
600823,世茂股份,SMG,Shanghai Shimao Co. Ltd,http://www.shimaoco.com
600824,益民集团,YIMIN GROUP,SHANGHAI YIMIN COMMERCIAL GROUP CO.  LTD.,HTTP://www.yimingroup.com
600825,新华传媒,Xinhua Media,Shanghai Xinhua Media Co.  Ltd,http://www.xhmedia.com
600826,兰生股份,LANSHENG,SHANGHAI LANSHENG CORPORATION,http://www.lansheng.com
600827,百联股份,SBGCL,SHANGHAI BAILIAN GROUP CO.  LTD.,http://www.bailian.sh.cn
600828,成商集团,Chengshang Group,Chengshang Group Co.  Ltd.,HTTP://www.cpds.cn
600829,人民同泰,HRPC,HPGC Renmintongtai Pharmaceutical Corporation,www.hyrmtt.com.cn
600830,香溢融通,SLT,SUNNY LOAN TOP CO. LTD,http://www.sunnyloantop.cn
600831,广电网络,SXBN,SHAANXI BROADCAST & TV NETWORK INTERMEDIARY （GROUP）CO.LTD,http://www.600831.com
600833,第一医药,NO.1.PHARMAC,SHANGHAI NO.1 PHARMACY CO. LTD.,http://www.dyyy.com.cn
600834,申通地铁,shentong metro,Shanghai Shentong Metro Co.  Ltd.,www.shtmetro.com
600835,上海机电,SMEIC,Shanghai Mechanical & Electrical Industry CO.  LTD.,http://www.chinasec.cn
600836,界龙实业,J.L.C,SHANGHAI JIELONG GROUP INDUSTRY CORPORATION LIMITED,http://www.jielongcorp.com
600837,海通证券,HAITONG Securities Co. Ltd.,HAITONG Securities Company Limited,www.htsec.com
600838,上海九百,SHJB,SHANGHAI JOIN BUY CO. LTD.,www.shjb600838.com
600839,四川长虹,CHANGHONG,SICHUAN CHANGHONG ELECTRIC CO. LTD.,http://www.changhong.com
600841,上柴股份,SDEC,SHANGHAI DIESEL ENGINE COMPANY LIMITED,http://www.sdec.com.cn
600843,上工申贝,ShangGong Group,Shang Gong Group Co.  Ltd.,http://www.sgsbgroup.com
600844,丹化科技,DHCT,DANHUA CHEMICAL TECHNOLOGY CO.  LTD.,www.600844.com
600845,宝信软件,Baosight,Shanghai Baosight Software Co.  Ltd.,HTTP://www.baosight.com
600846,同济科技,TJKJ,SHANGHAI TONGJI SCIENCE & TECHNOLOGY INDUSTRIAL CO. LTD,wwww.tjkjsy.com.cn
600847,万里股份,Wanli New Energy,Chongqing Wanli New Energy Co. Ltd.,www.cqwanli.com
600848,上海临港,SLHC,Shanghai Lingang Holdings Corporation Limited,www.linganginvestment.com
600850,华东电脑,ECC,SHANGHAI EAST-CHINA COMPUTER CO. LTD,www.shecc.com
600851,海欣股份,HX GROUP,SHANGHAI HAIXIN GROUP CO.  LTD.,http//www.haixin.coｍ.cn
600853,龙建股份,LJRB,LONGJIAN ROAD & BRIDGE CO. LTD.,www.longjianlq.com
600854,春兰股份,CHUNLAN,JIANGSU CHUNLAN REFRIGERATING EQUIPMENT STOCK CO. LTD,HTTP://WWW.CHUNLAN.COM
600855,航天长峰,ASCF,BEIJING AEROSPACE CHANGFENG CO. LTD.,http://www.ascf.com.cn
600856,中天能源,-,Changchun  Sinoenergy  Corporation,http://www.snencn.cn
600857,宁波中百,NBZB,NINGBO ZHONGBAI CO.  LTD.,www.hitsc.com
600858,银座股份,INZONE,INZONE GROUP CO. LTD,http://www.yinzuostock.com
600859,王府井,Wangfujing,BEIJING WANGFUJING DEPARTMENT STORE (GROUP)CO. LTD.,http://www.wfj.com.cn
600860,京城股份,JINGCHENG MAC,Beijing Jingcheng Machinery Electric Company Limited,www.btic.com.cn
600861,北京城乡,BURTC,BENJING URBAN & RURAL TRADE CENTRE CO. LTD,www.bjcx.com.cn
600862,南通科技,TONTEC,TONTEC Technology Investment Group Co.  Ltd.,http://www.tonmac.com.cn
600863,内蒙华电,NMHD,INNER MONGOLIA MENGDIAN HUANENG THERMAL POWER CORPORATION LI,WWW.NMHDWZ.COM
600864,哈投股份,HTGF,HARBIN HATOU INVESTMENT CO. LTD,-
600865,百大集团,BAIDA GROUP,BAIDA GROUP CO. LTD,www.baidagroup.com
600866,星湖科技,STARLAKE SCIENCE,STAR LAKE BIOSCIENCE CO. INC ZhAOQING GUANGDONG,HTTP://WWW.STARLAKE.COM.CN
600867,通化东宝,THDB,TONGHUA DONGBAO PHARMACEUTICAL CO. LTD.,http://www.thdb.com
600868,梅雁吉祥,MEI YAN,Guangdong Meiyan jixiang Hydropower Co. Ltd.,http://www.chinameiyan.com/
600869,智慧能源,Smarter Energy,Far East Smarter Energy Co. Ltd,HTTP://WWW.600869.com
600870,*ST厦华,XOCECO,XIAMEN OVERSEAS CHINESE ELECTRONIC CO. LTD.,-
600871,石化油服,SSC,SINOPEC OILFIELD SERVICE CORPORATION,http://ssc.sinopec.com
600872,中炬高新,JonJee Hi-tech,JONJEE HI-TECH INDUSTRIAL & COMMERCIAL HOLDING CO. LTD,HTTP://WWW.JONJEE.COM
600873,梅花生物,MEIHUA BIO,MeiHua Holdings Group Co. Ltd,http://www.meihuagrp.com
600874,创业环保,TCEPC,Tianjin Capital Environmental Protection Group Company Limited,www.tjcep.com
600875,东方电气,DEC,DONGFANG ELECTRIC CORPORATION LIMITED,http://www.dec-ltd.cn/
600876,洛阳玻璃,LYG,LUOYANG GLASS COMPANY LIMITED,http://www.zhglb.com/
600877,中国嘉陵,JIALING,CHINA JIALING INDUSTRIAL CO. LTD.(GROUP),http://www.jialing.com.cn
600879,航天电子,CATEC-LTD,China Aerospace Times Electronics CO.  LTD.,http:// www.catec-ltd.cn
600880,博瑞传播,B-RAYMEDIA,Chengdu B-ray Media Co. Ltd,www.b-raymedia.com
600881,亚泰集团,YTG,JILIN YATAI (GROUP) CO.  LTD.,www.yatai.com
600882,华联矿业,Hualian Mining,Shandong Hualian Mining Holdings Co.  Ltd.,-
600883,博闻科技,YBTI,Yunnan Bowin Technology&Industry Co. Ltd.,http://www.ynbowin.com
600884,杉杉股份,NBSS,NINGBO SHANSHAN CO. LTD.,http://www.ssgf.net
600885,宏发股份,Hongfa,Hongfa Technology Co. Ltd.,www.hongfa.com
600886,国投电力,SDIC Power,SDIC Power Holdings Co. Ltd.,http://www.sdicpower.com
600887,伊利股份,YILI,INNER MONGOLIA YILI INDUSTRIAL GROUP CO. LTD,http://www.yili.com
600888,新疆众和,XJJW,XINJIANG JOINWORLD CO. LTD.,HTTP://www.joinworld.com
600889,南京化纤,NCFC,NANJING CHEMICAL FIBRE CO.LTD,HTTP://WWW.viscosefibre.com
600890,中房股份,CRED HOLDING,CRED HOLDING CO. LTD,http：//www.credholding.com
600891,秋林集团,ＨＱＬ,HARBIN CHURIN GROUP JOINTSTOCK CO. LTD.,http://WWW.qlgroup.com.cn
600892,宝诚股份,Baocheng Share,Baocheng Investment Co. Ltd.,www.baochengshare.com
600893,中航动力,AAEC,AVIC AVIATION ENGINE CORPORATION PLC,www.xaec.com
600894,广日股份,GRI,GUANGZHOU GUANGRI STOCK CO. LTD.,http://www.guangrigf.com/index.aspx
600895,张江高科,ZJHTC,SHANGHAI ZHANGJIANG HI-TECH PARK DEVELOPMENT CO. LTD,http://www.600895.com
600896,中海海盛,CSHS,CHINA SHIPPING HAISHENG CO. LTD.,http://www.haishengshipping.com
600897,厦门空港,XIAC,Xiamen International Airport Co. Ltd,http://www.xiamenairport.com.cn
600898,三联商社,SLSS,SANLIAN COMMERCIAL CO. LTD,http://www.sanlianshop.com
600900,长江电力,CYPC,China Yangtze Power Co. ltd.,http://www.cypc.com.cn
600917,重庆燃气,CQGAS,Chongqing Gas Group Corporation Ltd.,http://www.cqgas.cn/
600958,东方证券,ORIENT SECURITIES ,ORIENT SECURITIES COMPANY LIMITED,http://www.dfzq.com.cn/
600959,江苏有线,JSCN,Jiangsu Broadcasting Cable Information Network Corporation Limited,-
600960,渤海活塞,BHPISTON,SHANDONG BINZHOU BOHAI PISTON CO. LTD.,www.bhpiston.com
600961,株冶集团,ZHUZHOU SMELTER,ZHUZHOU SMELTER GROUP CO. LTD.,http://www.torchcn.com
600962,*ST中鲁,SDICZL,SDIC ZHONGLU FRUIT JUICE CO. LTD.,www.sdiczl.com
600963,岳阳林纸,yyfp,YUEYANG FOREST ＆ PAPER CO.  LTD.,http://www.yypaper.com
600965,福成五丰,Fortune Ng Fung,Fortune Ng Fung Food (Hebei) Co.  Ltd,fucheng.net
600966,博汇纸业,sdbh,SHANDONG  BOHUI PAPER INDUSTRIAL  CO. LTD.,www.bohui.net
600967,北方创业,bfcy,Baotou Beifang Chuangye Co. Ltd.,www.bfcy.cc
600969,郴电国际,Chendian International ,Hunan Chendian International Development Share-holding Limited company,www.chinacdi.com
600970,中材国际,sinoma-int,Sinoma International Engineering Co. Ltd.,www.sinoma.com.cn
600971,恒源煤电,HYMD,Anhui Hengyuan Coal Industry and Electricity Power Co.  Ltd.,Http://www.ahhymd.com.cn
600973,宝胜股份,BAOSHENG SCI,BAOSHENG SCIENCE AND TECHNOLOGY INNOVATION CO.  LTD.,http://www.baoshengcable.com
600975,新五丰,NWF,Hunan New Wellfull Co. Ltd.,www.newwf.com
600976,健民集团,Jianmin Group,Jianmin Pharmaceutical Groups Corp. LTD.,http://www.whjm.com
600978,宜华木业,YIHUA TIMBER,GUANGDONG YIHUA TIMBER INDUSTRY CO.LID,http://www.yihuatimber.com
600979,广安爱众,AAA PUBLIC,SICHUAN GUANGAN AAA PUBLIC CO. LTD .,http://www.sc-aaa.com/
600980,北矿磁材,BGRIMM Magnetic,BGRIMM Magnetic Materials & Technology Co. Ltd.,http://www.magmat.com
600981,汇鸿集团,HIGH HOPE GROUP,JIANGSU HIGH HOPE INTERNATIONAL CORPORATION,www.jstex.com
600982,宁波热电,nbtp,NINGBO  THERMAL  POWER  CO.  LTD,www.nbtp.com.cn
600983,惠而浦,Whirlpool,Whirlpool China Co. Ltd,https://cms.whirlpool-china.com
600984,*ST建机,SCMC,SHAANXI  CONSTRUCTION  MACHINERY  CO. LTD.,www.scmc-xa.com
600985,雷鸣科化,lmkh,Anhui Leimingkehua Co. Ltd,www.lmkh.com
600986,科达股份,KEDA GROUP,KEDA GROUP CO.  LTD.,www.keda-group.com
600987,航民股份,ZJHM,ZHEJIANG HANGMIN CO.  LTD.,www.hmgf.com
600988,赤峰黄金,CHIFENG GOLD,Chifeng Jilong Gold Mining Co. Ltd.,www.600988.com.cn
600990,四创电子,Sun-Create,Anhui Sun Create Electronics Co. Ltd,www.sun-create.com
600992,贵绳股份,GZWRC,GUIZHOU WIRE ROPE CO. LTD,www.gzgsgf.com.cn
600993,马应龙,Mayinglong,Mayinglong Pharmaceutical Group Stock Co. LTD.,www.mayinglong.cn
600995,文山电力,WSDL,YUNNAN WENSHAN ELECTRIC POWER CO. LTD,www.wsdl.com.cn
600997,开滦股份,KEC,KAILUAN ENERGY CHEMICAL CORPORATION LIMITED,www.kkcc.com.cn
600998,九州通,Jointown,Jointown Pharmaceutical Group Company Limited,http://www.jzteyao.com
600999,招商证券,CMS,China Merchants Securities Co. Ltd.,http://www.newone.com.cn
601000,唐山港,TSPGC,TANGSHAN PORT GROUP CO. LTD.,www.jtport.com
601001,大同煤业,DTCI,Datong Coal Industry Co.  Ltd.,www.dtmy.com.cn
601002,晋亿实业,GEM-YEAR,GEM-YEAR INDUSTRIAL CO. LTD.,-
601003,柳钢股份,LIUSTEELCO,LIUZHOU IRON&STEEL CO. LCD,http://www.liusteel.com
601005,重庆钢铁,CISC,CHONGQING IRON & STEEL COMPANY LIMITED,www.cqgt.cn
601006,大秦铁路,Daqin Railway,Daqin Railway Co.  Ltd.,http://www.daqintielu.com
601007,金陵饭店,JINLING HOTEL,Jinling Hotel Corporation Ltd.,www.jinlinghotel.com
601008,连云港,lygport,Jiangsu Lianyungang Port Co. Ltd.,www.jlpcl.com
601009,南京银行,NJCB,BANK OF NANJING CO.  LTD,http://www.njcb.com.cn/
601010,文峰股份,WFDSJ,Wenfeng Great World Chain Development  Corporation,www.wfdsj.com.cn
601011,宝泰隆,QBCC,Qitaihe Baotailong Coal & Coal Chemicals Public Co.  Ltd.,http://btlgf.com
601012,隆基股份,LONGi,Xi'an LONGi Silicon Materials Corp.,www.longi-silicon.com
601015,陕西黑猫,Shaanxi Heimao,Shaanxi Heimao Coking Co.  Ltd ,-
601016,节能风电,CECWPC,CECEP Wind-Power Corporation,http://www.cecwpc.cn
601018,宁波港,NBP,Ningbo Port Company Limited,www.nbport.com.cn
601021,春秋航空,SA,Spring Airlines Co.  Ltd.,www.ch.com
601028,玉龙股份,YLSP,Jiangsu Yulong Steel Pipe Co.  Ltd.,www.yulongsteelpipe.com
601038,一拖股份,FIRST TRACTOR,FIRST TRACTOR COMPANY LIMITED,www.first-tractor.com.cn
601058,赛轮金宇,Sailun Group,SAILUN JINYU GROUP CO. LTD.,www.sailuntyre.com.cn
601069,西部黄金,-,Western Region Gold Co.  Ltd.,w-r-g.cn
601088,中国神华,CHINA SHENHUA,China Shenhua Energy Company Limited,www.csec.com
601098,中南传媒,CNS,China South Publishing & Media Group Co. Ltd.,http://www.zncmjt.com/
601099,太平洋,PACIFIC SECURITIES,THE PACIFIC SECURITIES CO. LTD,http://www.tpyzq.com
601100,恒立油缸,JSHL,jiangsu hengli highpressure oil cylinder co.Ltd,http://www.hengli-js.com
601101,昊华能源, HAOHUA ENERGY ,BEIJING HAOHUA ENERGY RESOURCE CO.  LTD,www.bjhhny.com
601106,中国一重,CFHI,China First Heavy lndustries,www.cfhi.com
601107,四川成渝,Sichuan Express,Sichuan Expressway Company Limited,http://www.cygs.com
601111,中国国航,Air China,Air China Limited,www.airchina.com.cn
601113,华鼎股份,Huading Corp.,Yiwu Huading Nylon Co. Ltd.,http://www.hdnylon.com
601116,三江购物,SJGW,SANJIANG SHOPPING CLUB CO. LTD,sanjiang.com
601117,中国化学,CNCEC,China National Chemical Engineering CO. LTD.,www.cncec.com.cn
601118,海南橡胶,HAINAN RUBBER GROUP,China Hainan Rubber Industry Group Co. LTD.,http://www.hirub. cn
601126,四方股份,SIFANG,BEIJING SIFANG AUTOMATION CO. LTD.,www.sf-auto.com
601137,博威合金,BAMC,Ningbo Boway Alloy Material Co.  Ltd,www.pwalloy.com
601139,深圳燃气,SGC,SHENZHEN GAS CORPORATION LTD.,www.szgas.com.cn
601155,新城控股,Future Land,Future Land Holdings Co.  Ltd,www.xinchengkonggu.com
601158,重庆水务,CHONGQING WATER,Chongqing Water Group Co. Ltd.,www.cncqsw.com
601166,兴业银行,INDUSTRIAL BANK,INDUSTRIAL BANK CO. LTD.,www.cib.com.cn
601168,西部矿业,Western Mining,Western Mining Co.  Ltd.,www.westmining.com
601169,北京银行,BOB,BANK OF BEIJING CO. LTD.,www.bankofbeijing.com.cn
601177,杭齿前进,HAGG,Hangzhou Advance Gearbox Group Co.  Ltd.,www.chinaadvance.com
601179,中国西电,China XD,China XD Electric Co.  Ltd.,www.xdect.com.cn
601186,中国铁建,CRCC,China Railway Construction Corporation Limited,http://www.crcc.cn/
601188,龙江交通,HTDC,HEILONGJIANG TRANSPORT DEVELOPMENT CO.  LTD,www.hljjt.com
601198,东兴证券,DONGXING SECURITIES CO.  LTD.,DONGXING SECURITIES CO.  LTD.,http://www.dxzq.net
601199,江南水务,Jiangnan Water,Jiangsu Jiangnan Water Co.  Ltd.,www.jsjnsw.com
601208,东材科技,EMT,SICHUAN EM TECHNOLOGY CO. LTD.,http://www.emtco.cn
601211,国泰君安,GTJA,Guotai Junan Securities Co. Ltd.,www.gtja.com
601216,君正集团,JUNZHENG,INNER MONGOLIA JUNZHENG ENERGY & CHEMICAL GROUP CO. LTD.,www.junzhenggroup.com
601218,吉鑫科技,SINOJIT Technology,Jiangsu SINOJIT Wind Energy Technology Co .Ltd.,www.sinojit.com
601222,林洋能源,LINYANG ELECTRONICS,JIANGSU LINYANG ELECTRONICS CO.  LTD.,http://www.linyang.com.cn
601225,陕西煤业,SHCI,SHAANXI COAL INDUSTRY COMPANY LIMITED,-
601226,华电重工,HUADIAN HEAVY INDUSTRIES,HUADIAN HEAVY INDUSTRIES CO. LTD.,www.hhi.com.cn
601231,环旭电子,USISH,Universal scientific industrial(shanghai)Co. Ltd.,http://www.usish.com/
601233,桐昆股份,tkgf,TONGKUN GROUP CO LTD,www.zjtkgf.com
601238,广汽集团,GAC  GROUP,GUANGZHOU AUTOMOBILE GROUP CO. LTD.,www.gagc.com.cn
601258,庞大集团,PD Group,Pang Da Automobile Trade Co.  Ltd.,www.pdqmjt.com
601288,农业银行,AGRICULTURAL BANK OF CHINA,AGRICULTURAL BANK OF CHINA LIMITED,www.abchina.com
601311,骆驼股份,Camel Group,Camel Group Co. Ltd.,www.chinacamel.com
601313,江南嘉捷,SJEC,SJEC Corporation,www.sjec.com.cn
601318,中国平安,PING AN OF CHINA,PING AN INSURANCE（GROUP） COMPANY OF CHINA  LTD.,http://www.pingan.com
601328,交通银行,BANKCOMM,BANK OF COMMUNICATIONS CO. LTD.,www.bankcomm.com
601333,广深铁路,GSRC,GUANGSHEN RAILWAY COMPANY LIMITED,www.gsrc.com
601336,新华保险,NCI,NEW CHINA LIFE INSURANCE COMPANY LTD.,www.newchinalife.com
601339,百隆东方,BROS EASTERN,BROS EASTERN CO.  LTD.,www.broseastern.com
601368,绿城水务,-,Guangxi Nanning Waterworks Company Limited.,-
601369,陕鼓动力,ShaanGu,XI'AN SHAANGU POWER CO.  LTD.,-
601377,兴业证券,IS,Industrial Securities Co. Ltd,www.xyzq.com.cn
601388,怡球资源,Yechiu Recycling,Yechiu Metal Recycling (China) Ltd.,www.yechiu.com
601390,中国中铁,China Railway,China Railway Group Limited,www.crec.cn
601398,工商银行,ICBC,INDUSTRIAL AND COMMERCIAL BANK OF CHINA LIMITED,www.icbc-ltd.com
601515,东风股份,DFP,SHANTOU DONGFENG PRINTING CO. LTD.,www.dfp.com.cn
601518,吉林高速,JLEC,Jilin Expressway Company Ltd.,www.jlgsgl.com
601519,大智慧,DZH,Shanghai DZH Limited,http://www.gw.com.cn/
601555,东吴证券,SCS,SOOCHOW SECURITIES CO. LTD.,www.dwzq.com.cn
601558,华锐风电,Sinovel,Sinovel Wind Group Co. Ltd.,www.sinovel.com
601566,九牧王,JOEONE,JOEONE CO. LTD.,www.jiumuwang.com
601567,三星医疗,SANXING MEDICAL,NINGBO SANXING MEDICAL ELECTRIC Co. Ltd.,www.sanxing.com
601579,会稽山,-,kuaijishan shaoxing rice wine co. ltd.,www.kuaijishanwine.com
601588,北辰实业,BEIJING N STAR,BEIJING NORTH STAR COMPANY LIMITED,www.beijingns.com.cn
601599,鹿港科技,LGKJ,Jiangsu Lugang Science and Technology Co.  Ltd,www.lugangwool.com
601600,中国铝业,CHALCO,ALUMINUM CORPORATION OF CHINA LIMITED,www.chalco.com.cn
601601,中国太保,CPIC,China Pacific Insurance (Group) Co.  Ltd.,www.cpic.com.cn
601607,上海医药,Shanghai Pharma,Shanghai Pharmaceuticals Holding Co.  Ltd.,http://www.sphchina.com
601608,中信重工,CITIC HEAVY INDUSTRIES,CITIC HEAVY INDUSTRIES CO. LTD.,www.citichmc.com
601616,广电电气,SGEG,SHANGHAI GUANGDIAN ELECTRIC GROUP CO.  LTD,www.sgeg.cn
601618,中国中冶,MCC,Metallurgical Corporation of China Ltd.,www.mccchina.com
601628,中国人寿,China Life,CHINA LIFE INSURANCE COMPANY LIMITED,www.e-chinalife.com
601633,长城汽车,Great Wall Motor,Great Wall Motor Company Limited,www.gwm.com.cn
601636,旗滨集团,Kibing,Zhuzhou Kibing Group Co.  Ltd,www.kibinggroup.com
601666,平煤股份,pingmei coal,PINGDINGSHAN TIANAN COAL MINING CO.  LTD.,www.pmta.com.cn
601668,中国建筑,CSCEC,China State Construction Engineering Corporation Limited,http://www.cscec.com
601669,中国电建,POWERCHINA Ltd.,Power Construction Corporation of China Ltd.（POWERCHINA Ltd.）,www.powerchina.cn
601677,明泰铝业,Mtalco,Henan Mingtai Al. Industrial Co. Ltd.,www.hngymt.com
601678,滨化股份,BEFAR,BEFAR GROUP CO. LTD,www.befar.com.cn
601688,华泰证券,HTSC,HUATAI SECURITIES CO. LTD,www.htsc.com.cn
601689,拓普集团,-,Ningbo Tuopu Group Co. Ltd.,www.tuopu.com
601699,潞安环能,lu'an EED,Shanxi Lu’an Environmental Energy Development Co. Ltd.,http://www.luanhn.com
601700,风范股份,CHANGSHU FENGFAN,CHANGSHU FENGFAN POWER EQUIPMENT CO. LTD,www.cstower.cn
601717,郑煤机,ZMJ,ZHENGZHOU COAL MINING MACHINERY GROUP Co. Ltd,www.zzmj.com
601718,际华集团,Jihua Group,Jihua Group Corporation Limited,www.jihuachina.com
601727,上海电气,Shanghai Electric,Shanghai Electric Group Company Limited,www.shanghai-electric.com
601766,中国中车,CRRC,CRRC Corporation Limited,www.crrcgc.cc
601777,力帆股份,LIFAN,LIFAN INDUSTRY (GROUP) Co.  Ltd,www.lifan.com
601788,光大证券,EBSCN,Everbright Securities Company Limited,http://www.ebscn.com
601789,宁波建工,NB CONSTRUCTION,Ningbo Construction Co.  Ltd,http://www.jiangong.com.cn/
601798,蓝科高新,Lanpec,Lanpec Technologies Limited,www.lanpec.com
601799,星宇股份,Xingyu Co. Ltd,Changzhou Xingyu Automotive Lighting Systems Co.  Ltd,http://www.xyl.cn
601800,中国交建,CCCC,China Communications Construction Co. Ltd,www.ccccltd.cn
601801,皖新传媒,WANXIN MEDIA,ANHUI XINHUA MEDIA CO.  LTD,www.ahsxhsd.com
601808,中海油服,COSL,China Oilfield Services Limited,www.cosl.com.cn
601818,光大银行,CEB BANK,CHINA EVERBRIGHT BANK COMPANY LIMITED,www.cebbank.com
601857,中国石油,PetroChina,PetroChina Company Limited,www.petrochina.com.cn
601866,中海集运,CSCL,China Shipping Container Lines Company Limited,www.cscl.com.cn
601872,招商轮船,CMES,CHINA MERCHANTS ENERGY SHIPPING CO.  LTD.,www.cmenergyshipping.com
601877,正泰电器,CHINT ELECTRICS,ZHEJIANG CHINT ELECTRICS CO. LTD,www.chint.net
601880,大连港,Dalian Port,Dalian Port (PDA) Company Limited,www.dlport.cn
601886,江河创建,JANGHO,Jangho  Group Co.  Ltd.,http://www.jangho.com
601888,中国国旅,CITS,China lnternationnal Travel Service Corporation Limited,http://www.citsgroup.net/
601890,亚星锚链,AsAc,Asian Star Anchor Chain Co. Ltd.Jiangsu,http://www.asac.cn/
601898,中煤能源,China Coal Energy,China Coal Energy Company Limited,www.chinacoalenergy.com
601899,紫金矿业,Zijin Mining,Zijin Mining Group Company Limited,www.zjky.cn
601901,方正证券,Founder Securities,Founder Securities Co.  Ltd.,www.foundersc.com
601908,京运通,JYT,Beijing Jingyuntong Technology Co. Ltd.,www.jingyuntong.com
601918,国投新集,SDIC XINJI,SDIC XINJI ENERGY CONPANY LIMTEL,www.sdicxinji.com.cn
601919,中国远洋,ChinaCOSCO,China COSCO Holdings Company Limited,www.chinacosco.com
601928,凤凰传媒,PHOENIX MEDIA,JIANGSU PHOENIX PUBLISHING&MEDIA CORPORATION LIMITED,www.phoenixmedia.cn
601929,吉视传媒,JISHI MEDIA,JISHI MEDIA CO.  LTD.,www.jishimedia.com
601933,永辉超市,YONGHUI SUPERSTORES,YONGHUI SUPERSTORES CO.  LTD.,www.yonghui.com.cn
601939,建设银行,CCB,CHINA CONSTRUCTION BANK CORPORATION,www.ccb.com
601958,金钼股份,JDCMOLY,Jinduicheng Molybdenum Co. Ltd,www.jdcmoly.com
601965,中国汽研,CAERI,CHINA AUTOMOTIVE ENGINEERING RESEARCH INSTITUE CO. LTD,www.caeri.com.cn
601968,宝钢包装,-,Shanghai Baosteel Packaging Co. Ltd,www.baosteelpack.cn
601969,海南矿业,Hainan Mining,Hainan Mining Co. Ltd,http://www.hnmining.com
601985,中国核电,CNNP,China National Nuclear Power Co.  Ltd.,www.cnnp.com.cn
601988,中国银行,Bank of China,BANK OF CHINA LIMITED,www.boc.cn
601989,中国重工,CSICL,China Shipbuilding Industry Company Limited,http://www.csicl.com.cn/
601991,大唐发电,Datang Power,Datang International Power Generation Co. Ltd.,www.dtpower.com
601992,金隅股份,BBMG,BBMG Corporation,www.bbmg.com.cn/listco
601996,丰林集团,Fenglin Group,Guangxi Fenglin Wood lndustry Group Co. Ltd.,www.fenglingroup.com
601998,中信银行,CNCB,CHINA CITIC BANK CORPORATION LIMITED,bank.ecitic.com
601999,出版传媒,NUPMG,Northern United Publishing & Media （Group） Company Limited,www.nupmg.com
603000,人民网,People.cn,People.cn CO. LTD,www.people.com.cn
603001,奥康国际,AoKang ,ZheJiang AoKang Shoes Co.  Ltd.,www.aokang.com
603002,宏昌电子,EBEM,EPOXY BASE ELECTRONIC MATERIAL  CORPORATION LIMITED,www.graceepoxy.com
603003,龙宇燃油,Shanghai Lonyer Fuels CO. LTD,SHANGHAI LONYER FUELS CO.  LTD,www.lyrysh.com
603005,晶方科技,WLCSP,China Wafer Level CSP Co.  Ltd,www.wlcsp.com
603006,联明股份,Lianming,Shanghai Lianming Machinery Co. Ltd,http://www.shanghailmjx.com/
603008,喜临门,XILINMEN,XILINMEN FURNITURE CO. LTD.,www.chinabed.com
603009,北特科技,SHBT,SHANGHAI BEITE TECHNOLOGY CO. LTD.,http://www.sh-beite.com
603010,万盛股份,-,Zhejiang Wansheng Co. Ltd,http://www.ws-chem.com/
603011,合锻股份,HFM,Hefei Metalforming Machine Tool co. Ltd,http://www.hfpress.com
603012,创力集团,Chuangli Group,Shanghai Chuangli Group CO. LTD.,http://www.shclkj.com/
603015,弘讯科技,TECHMATION,Ningbo Techmation Co. Ltd.,www.techmation.com.cn
603017,中衡设计,-,ARTS Group Co.  Ltd,www.artsgroup.cn
603018,设计股份,-,Jiangsu Province Communications Planning And Design Institute Limited Company,www.jsjty.com
603019,中科曙光,Sugon,Dawning Information Industry Co.  Ltd.,www.sugon.com
603020,爱普股份,Apple Group,Apple Flavor & Fragrance Group Co.  Ltd,www.cnaff.com
603021,山东华鹏,SDHP,SHANDONG HUAPENG GLASS CO. LTD.,http://www.huapengglass.com
603022,新通联,XINTONGLIAN,SHANGHAI XINTONGLIAN PACKINF CO. LTD,www.xtlpacking.com
603023,威帝股份,viti,Harbin VITI Electronics Corp,www.viti.net.cn
603025,大豪科技,-,-,www.dahaobj.com
603026,石大胜华,-,SHANDONG SHIDA SHENGHUA CHEMICAL GROUP CO. LTD,http://www.sinodmc.com
603030,全筑股份,trendzone,Shanghai Trendzone Consturction Decoration Group Co. Ltd,www.trendzone.com.cn
603066,音飞储存,INFORM,Nanjing Inform Storage Equipment Co.  Ltd.,http://www.informrack.com/
603077,和邦生物,HBC,Sichuan Hebang Biotechnology Co. Ltd.,www.hebang.cn
603085,天成自控,TC,Zhejiang Tiancheng Controls Co. Ltd,www.china-tc.com
603088,宁波精达,JDM,JDM JingDa Machine (Ningbo)Co. Ltd,jdm@nbjingda.com
603099,长白山,cbm,changbai shan tourism company limited,www.cbmt.com.cn
603100,川仪股份,CYA,Chongqing Chuanyi Automation Co. LTD,-
603108,润达医疗,-,Shanghai Runda Medical Technology Co. Ltd,www.rundamedical.com
603111,康尼机电,KN,Nanjing Kangni Mechanical & Electrical Co.  Ltd.,www.kn-nanjing.com
603116,红蜻蜓,-,-,-
603117,万林股份,-,-,www.china-wanlin.com
603118,共进股份,GONGJIN,SHENZHEN GONGJIN ELECTRONICS CO. LTD.,http://www.twsz.com/
603123,翠微股份,-,Beijing Cuiwei Tower Co. Ltd.,www.cwjt.com
603126,中材节能,Sinoma-ec,Sinoma Energy Conservation Ltd.,www.sinoma-ec.cn
603128,华贸物流,CTS Logistics,CTS lnternational Logistics Corporation Limited,http://www.ctsfreight.com
603158,腾龙股份,CZTL,Changzhou Tenglong Auto Parts Co. Ltd.,www.cztl.com
603166,福达股份,-,GUI LIN FUDA CO. LTD,www.glfoto.cn
603167,渤海轮渡,BHLD,Bohai Ferry Co. Ltd.,-
603168,莎普爱思,SPAS,Zhejiang Shapuaisi Pharmaceutical Co.  Ltd.,http://www.zjspas.com/
603169,兰石重装,LSHEC,LANZHOU LS HEAVY EQUIPMENT CO . LTD.,http://www.lshec.com/
603188,亚邦股份,YABANG,Jiangsu Yabang Dyestuff Co. Ltd.,-
603198,迎驾贡酒,-,-,http://www.yingjia.cn/
603199,九华旅游,JHT,Anhui Jiuhuashan Tourism Development Co.  Ltd.,www.jiuhuashan.cc
603222,济民制药,-,Zhejiang Chimin Pharmaceutical CO LTD,www.chimin.cn
603223,恒通股份,HENGTONG LOGISTICS,HENGTONG LOGISTICS CO. LTD.,http://www.hengtonggf.com/
603227,雪峰科技,-,Xinjiang Xuefeng Sci-Tech(Group)Co. Ltd.,www.xjxfkj.com
603268,松发股份,-,GUANGDONG SONGFA CERAMICS CO.  LTD.,http://www.songfa.com/
603288,海天味业,HAI TIAN,Foshan Haitian Flavouring and Food Company Ltd.,http://www.haitian-food.com
603299,井神股份,-,Jiang Su Jingshen Salt & Chemical Industry Co. Ltd,www.jsjsyh.com
603300,华铁科技,-,Zhejiang Huatie Construction Safety Science And Technology Co. Ltd.,http://www.zjhuatie.cn
603306,华懋科技,HMT,HMT(XIAMEN) NEW TECHNICAL MATERIALS CO. LTD.,-
603308,应流股份,YINGLIU,ANHUI YINGLIU ELECTROMECHANICAL CO. LTD,www.yingliugroup.com
603309,维力医疗,-,WELL LEAD MEDICAL CO.  LTD.  ,http://www.welllead.com.cn
603311,金海环境,Goldensea,Zhejiang Goldensea Environment Technology Co. Ltd,http://www.goldensea.cn
603315,福鞍股份,fu an,LIAONING FU-AN HEAVY INDUSTRY CO.  LTD,www.lnfa.com.cn
603318,派思股份,ENERGAS,DALIAN ENERGAS GAS-SYSTEM CO. LTD.,www.energas.cn
603328,依顿电子,Ellingtonpcb,Guangdong Ellington Electronics Technology Co.  Ltd.,www.ellingtonpcb.com
603333,明星电缆,STAR CABLE,SICHUAN STAR CABLE CO. LTD,www.mxdl.cn
603338,浙江鼎力,Zhejiang Dingli,Zhejiang Dingli Machinery Co. Ltd,http://www.cndingli.com
603355,莱克电气,Kingclean,KINGCLEAN ELECTRIC CO. LTD,www.lexy.cn
603366,日出东方,Sunrain,Jiangsu Sunrain Solar Energy Co. Ltd,www.solareast.com
603368,柳州医药,LZYY,Guangxi Liuzhou Pharmaceutical Co. Ltd.,http://www.lzyy.cn
603369,今世缘,King’s Luck,Jiangsu King’s Luck Brewery Joint ? Stock Co.  Ltd,www.jinshiyuan.com.cn
603398,邦宝益智,banbao,BanBao Co.  Ltd.,www.banbao.com
603399,新华龙,NCD,JINZHOU NEW CHINA DRAGON MOLYBDENUM CO. LTD,http://www.ncdmoly.com/
603456,九洲药业,JIUZHOU  PHARMACEUTICAL,ZHEJIANG  JIUZHOU   PHARMACEUTICAL  CO. LTD,www.jiuzhoupharma.com
603508,思维列控,-,-,-
603518,维格娜丝,VGRASS,V.GRASS FASHION CO. LTD.,www.v-grass.com
603519,立霸股份,LIBA,JIANGSU LIBA ENTERPRISE JOINT-STOCK CO.  LTD,http://www.jsliba.com/
603555,贵人鸟,Guirenniao,Guirenniao Co.  Ltd.,-
603558,健盛集团,Jasan Group,Zhejiang Jasan Holding Group co. Ltd,www.jasangroup.com
603566,普莱柯,PULIKE,PULIKE BIOLOGICAL ENGINEERING INC.,http://www.pulike.com.cn/
603567,珍宝岛,-,HeiLongJiang ZBD Pharmaceutical Co.  Ltd.,http://www.zbdzy.com
603568,伟明环保,WEIMING,ZHEJIANG WEIMING ENVIRONMENT PROTECTION CO. LTD.,http://www.cnweiming.com
603588,高能环境,-,-,-
603589,口子窖,Kouzijiao,Anhui Kouzi Distillery Co.  Ltd.,www.kouzi.com
603598,引力传媒,Inly Media,Inly Media Co.  Ltd.,www.yinlimedia.com
603599,广信股份,-,Anhui Guangxin Agrochemical Co.  Ltd. ,http://www.chinaguangxin.com
603600,永艺股份,UE,UE Furniture Co.  Ltd.,www.uechairs.com
603601,再升科技,Zaisheng Technology,Chongqing Zaisheng Technology Corp. Ltd,www.cqzskj.com
603606,东方电缆,NINGBO ORIENT WIRES & CABLES,NINGBO ORIENT WIRES & CABLES CO.  LTD.,WWW.ORIENTCABLE.COM
603609,禾丰牧业,Wellhope,Wellhope Agri-Tech Joint Stock Co.  Ltd. ,http://www.wellhope-ag.com/
603611,诺力股份,NOBLELIFT,ZHEJIANG NOBLELIFT EQUIPMENT JOINT STOCK  Co.  Ltd,www.noblelift.com
603616,韩建河山,HJHS,Beijing Hanjian Heshan Pipeline Co.Ltd,www.bjhs.cn
603618,杭电股份,-,Hangzhou Cable Co.  Ltd.,http://www.hzcables.com
603636,南威软件,Linewell,Linewell Software Co. Ltd.,-
603669,灵康药业,Lionco,Lionco Pharmaceutical Group Co. Ltd.,www.lingkang.com.cn
603678,火炬电子,TORCH ELECTRON ,FUJIAN TORCH ELECTRON TECHNOLOGY Co.  LTD.,福建省泉州市高新技术园区江南园紫华路4号
603686,龙马环卫,FULONGMA,Fujian Longma Environmental Sanitation Equipment CO.  LTD.,www.fjlm.com.cn
603688,石英股份,PACIFIC QUARTZ,JIANGSU PACIFIC QUARTZ CO. LTD.,www.quartzpacific.com
603696,安记食品,ANJI FOOD,ANJI FOODSTUFF CO.  LTD,-
603698,航天工程,CECO,changzheng Engineering Co. LTD,http://www.china-ceco.com/
603699,纽威股份,NEWAY,Neway Valve (Suzhou) Co.  Ltd.,http://www.newayvalve.com
603703,盛洋科技,-,Zhejiang Shengyang Science and Technology Co. Ltd.,www.shengyang.com
603718,海利生物,HILE,SHANGHAI HILE BIO-TECHNOLOGY CO.  LTD.,www.hile-bio.com
603729,龙韵股份,OBM,Shanghai LongYun Advertising & Media Co. Ltd.,www.obm.com.cn
603766,隆鑫通用,LONCIN,Loncin Motor Co. Ltd.,www.loncinindustries.com
603778,乾景园林,无,Beijing Qianjing Landscape Co.  Ltd.,www.qianjingyuanlin.com
603788,宁波高发,-,Ningbo Gaofa Automotive Control System Co. LTD,WWW.GAOFACABLE.COM
603789,星光农机,Xingguang Agricultural Machinery,Xingguang Agricultural Machinery Co.  Ltd.,http://www.xg1688.com/
603799,华友钴业,HUAYOU COBALT,ZHEJIANG HUAYOU COBALT CO.  LTD.,www.huayou.com
603800,道森股份,DSGF,SUZHOU DOUSON DRILLING & PRODUCTION EQUIPMENT CO.  LTD,www.douson.cn
603806,福斯特,First,Hangzhou First PV Material Co.  Ltd.,www.firstpvm.com
603808,歌力思,Ellassay,Shenzhen Ellassay Fashion Co. Ltd.,www.ellassay.com
603818,曲美家居,-,QuMei Home Furnishings Group Co.  Ltd,www.qumei.com
603828,柯利达,Kelida,SUZHOU KELIDA BUILDING& DECORATION CO. LTD,www.kldzs.com
603838,四通股份,SITONG,GUANGDNG SITONG GROUP CO. LTD,Http//www.sitong.net
603866,桃李面包,-,Shenyang Toly Bread Co.  Ltd.,www.tolybread.cn
603869,北部湾旅, Beibu Gulf Tourism Co. Ltd,-,http://www.beibuwantourism.com
603883,老百姓,LBX Drugs,Laobaixing Pharmacy Chain Joint Stock Company,www.lbxdrugs.com
603885,吉祥航空,-,-,-
603889,新澳股份,-,Zhejiang Xinao Textiles Inc.,www.chinaxinaogroup.com
603898,好莱客,Holike,Guangzhou Holike Creative Home Co. Ltd.,www.holike.com
603899,晨光文具,M&G,Shanghai M&G Stationery Inc. ,www.mg-pen.com
603901,永创智能,Youngsun Intelligent ,Hangzhou Youngsun Intelligent Equipment Co.  Ltd.,http://www.youngsunpack.com
603918,金桥信息,shgbit,Shanghai Golden Bridge InfoTech Co. Ltd. ,http://www.shgbit.com
603936,博敏电子,BOMIN ELECTRONICS,BOMIN ELECTRONICS CO.  LTD.,www.bominelec.com
603939,益丰药房,-,Yifeng Pharmacy Chain Co.  Ltd.,www.yfdyf.cn
603968,醋化股份,-,Nan  Tong  Acetic  Acid  Co.    Ltd. ,www.ntacf.com
603969,银龙股份,-,SILVERY DRAGON PRESTRESSED MATERIALS CO.  LTD. TIANJIN,www.yinlong.com
603979,金诚信,JCHX,JCHX MINING MANAGEMENT CO. LTD.,http://www.jchxmc.com
603988,中电电机,sec,SEC Electric Machinery Co.  Ltd.,www.sec-motor.com
603989,艾华集团,AIHUA GROUP ,HUNAN AIHUA GROUP C0. LTD.,www.aihuaglobal.com
603993,洛阳钼业,CMOC,China Molybdenum Co.  Ltd.,www.chinamoly.com
603996,中新科技,CHUNGHSIN TECHNOLOGY,CHUNGHSIN TECHNOLOGY GROUP CO.  LTD,：http://www.cncoptronics.cn
603997,继峰股份,-,NINGBO JIFENG AUTO PARTS CO. LTD,www.nb-jf.com
603998,方盛制药, Fangsheng Pharmaceutical Co.  Ltd.,Hunan Fangsheng Pharmaceutical Co.  Ltd.,http://www.fangsheng.com.cn/
603999,读者传媒,-,DuZhe Publishing&Media Co. Ltd.,http://www.duzhe.com/
900901,仪电B股,INESA-E,INESA Electron Co.  Ltd.,http://www.sva-e.com
900902,市北B股,SHIBEI HI-TECH,SHANGHAI SHIBEI HI-TECH CO. LTD.,www.shibeiht.com
900903,大众B股,DZT,DAZHONG TRANSPORTATION（GROUP）CO. LTD.,WWW.96822.COM
900904,神奇B股,Shenqi Pharmaceutical,Shanghai Shenqi Pharmaceutical Investment Management Co.  Ltd.,：http://www.gzsq.com
900905,老凤祥B,L.F.X,LAO FENG XIANG CO. LTD.,http://www.chinafirstpencil.com/
900906,中毅达B,ZYD,Shang Hai Zhong Yi Da Co. Ltd,http://www.600610.com.cn
900907,鼎立B股,DINGLI CO. LTD,SHANGHAI DINGLI TECHNOLOGY DEVELOPMENT GROUP CO. LTD,http://www.600614.com/
900908,氯碱B股,SCAC,SHANGHAI CHLOR-ALKALI CHEMICAL CO. LTD.,http://www.scacc.com
900909,双钱B股,DCHL,DOUBLE COIN HOLDINGS LTD.,http://www.cstarc.com
900910,海立B股,HIGHLY GROUP,SHANGHAI HIGHLY(GROUP) CO. LTD.,http://www.highly.cc
900911,金桥B股,PUDONG JINQIAO,Shanghai Jinqiao Export Processing Zone Development Co. Ltd.,http://www.58991818.com
900912,外高B股,WGQ,SHANGHAI WAI GAOQIAO FREE TRADE ZONE DEVELOPMENT CO. LTD.,http://www.waigaoqiao.com.cn
900913,国新B股,GX ENERGY,SHANXI GUOXIN ENERGY CORPORATION LIMITED,www.600617.net
900914,锦投B股,JINJIANG INVEST,Shanghai Jin Jiang International Industrial Investment Co. Ltd,www.jjtz.com
900915,中路B股,ZLC,ZHONGLU CO .LTD.,http://www.cnforever.com
900916,金山B股,JKD,Jinshan Development & Construction Co.  Ltd.,http://www.jskfjs.com
900917,海欣B股,HX GROUP,SHANGHAI HAIXIN GROUP CO.  LTD.,http//www.haixin.coｍ.cn
900918,耀皮B股,SYP,SHANGHAI YAOHUA PILKINGTON GLASS GROUP CO LTD.,www.sypglass.com
900919,绿庭B股,GIG,Shanghai Greencourt Investment Group Co.  Ltd.,http://www.dajiang.com
900920,上柴B股,SDEC,SHANGHAI DIESEL ENGINE COMPANY LIMITED,http://www.sdec.com.cn
900921,丹科B股,DHCT,DANHUA CHEMICAL TECHNOLOGY CO.  LTD.,www.600844.com
900922,三毛B股,SMEG,SHANGHAI SANMAO ENTERPRISE (GROUP) CO. LTD.,www.600689.com
900923,百联B股,SBGCL,SHANGHAI BAILIAN GROUP CO.  LTD.,http://www.bailian.sh.cn
900924,上工B股,ShangGong Group,Shang Gong Group Co.  Ltd.,http://www.sgsbgroup.com
900925,机电B股,SMEIC,Shanghai Mechanical & Electrical Industry CO.  LTD.,http://www.chinasec.cn
900926,宝信B,Baosight,Shanghai Baosight Software Co.  Ltd.,HTTP://www.baosight.com
900927,物贸B股,SMTC,Shanghai Material Trading Co.  Ltd.,http://www.shwmzx.com/
900928,临港B股,SLHC,Shanghai Lingang Holdings Corporation Limited,www.linganginvestment.com
900929,锦旅B股,JINJIANG TRAVEL,Shanghai Jinjiang International Travel Co.  Ltd,www.jjtravel.com
900930,沪普天B,shpte,SHANGHAI POTEVIO CO. LTD.,http://www.shpte.com
900932,陆家B股,LJZ,Shanghai Lujiazui Finance & Trade Zone Development Co. Ltd.,HTTP://WWW.LJZ.COM.CN
900933,华新B股,HUAXINCEM,HUAXIN  CEMENT  CO.   LTD.,http//www.huaxincem .com
900934,锦江B股,JINJIANG SHARES,Shanghai Jin Jiang International Hotels Development Co. Ltd.,Http://www.jinjianghotels.sh.cn
900935,阳晨B股,SYSI,SHANGHAI YOUNG SUN INVESTMENT CO LTD,http://www.ssaocorp.com
900936,鄂资B股,Erdos,Inner Mongolia Eerduosi Resources Co. Ltd.,http://www.Chinaerdos.com
900937,华电B股,HDECL,Huadian Energy Company Limited,-
900938,天海B,TIC,TIANJIN TIANHAI INVESTMENT CO.  LTD.,www.tjtmsc.com
900939,汇丽B,SHBM,Shanghai Huili Building Materials Co.  Ltd.,http://www.huili.com
900940,大名城B,GREATTOWN,GREATTOWN HOLDINGS LTD.,http://www.greattown.cn
900941,东信B股,Eastcom,EASTERN COMMUNICATIONS CO. LTD.,http://www.eastcom.com
900942,黄山B股,HSTD,Huangshan Tourism Development Co. Ltd.,HTTP://WWW.huangshan.com.cn
900943,开开B股,SHKK,SHANGHAI KAI KAI INDUSTRIAL CO. LTD.,http://www.chinesekk.com
900945,海航B股,HNA,Hainan Airlines Company Limited,http://www.hnair.com
900946,天雁B股,HNTY,HUNAN TYEN MACHINERY CO.  LTD,http://www.tyen.com.cn
900947,振华B股,ZPMC,SHANGHAI ZHENHUA HEAVY INDUSTRIES CO. LTD.,http://www.zpmc.com/
900948,伊泰B股,IMYCC,INNER MONGOLIA YITAI COAL COMPANY LIMITED,www.yitaicoal.com
900950,新城B股,Future Land,Jiangsu Future Land Co. Ltd.,http://www.900950.com/
900951,大化B股,DLHG,DAHUA GROUP DALIAN CHEMICAL INDUSTRY CO. LTD.,www.dahuagf.com
900952,锦港B股,JZP,JINZHOU PORT CO. LTD.,HTTP://WWW.JINZHOUPORT.COM
900953,凯马B,KAMA CO.  LTD.,KAMA CO.  LTD.,http://www.kama.com.cn
900955,九龙山B,NINE DRAGON,SHANGHAI NINE DRAGON TOURISM CO. LTD.,www.ninedragon.com.cn
900956,东贝B股,DONGBEI,HUANGSHI DONGBEI ELECTRICAL APPLIANCE CO. LTD,http://www.donper.com
900957,凌云B股,SH LINGYUN,SHANGHAI LINGYUN INDUSTRIES DEVELOPMENT  CO.  LTD.,www.elingyun.com
